   1.2000000000000002e+00	   2.0500000000000003e+00	  -1.0000000000000000e+00
   4.0000000000000002e-01	   2.0000000000000004e+00	  -1.0000000000000000e+00
  -2.6000000000000001e+00	   2.4500000000000006e+00	  -1.0000000000000000e+00
   3.1000000000000001e+00	   1.5000000000000002e+00	  -1.0000000000000000e+00
  -1.8000000000000000e+00	   8.0000000000000016e-01	  -1.0000000000000000e+00
  -1.6000000000000001e+00	   2.0000000000000004e-01	  -1.0000000000000000e+00
  -2.0000000000000000e+00	   1.3500000000000003e+00	  -1.0000000000000000e+00
  -1.2000000000000002e+00	   1.0500000000000003e+00	  -1.0000000000000000e+00
   1.1000000000000001e+00	   2.7000000000000006e+00	  -1.0000000000000000e+00
  -2.5000000000000000e+00	   3.5000000000000009e-01	  -1.0000000000000000e+00
   3.3000000000000003e+00	   1.0000000000000002e+00	  -1.0000000000000000e+00
  -9.0000000000000002e-01	   1.6000000000000003e+00	  -1.0000000000000000e+00
  -9.0000000000000002e-01	   1.5500000000000003e+00	  -1.0000000000000000e+00
  -1.0000000000000001e-01	   1.4500000000000002e+00	  -1.0000000000000000e+00
   3.5000000000000000e+00	   5.5000000000000016e-01	  -1.0000000000000000e+00
  -1.5000000000000000e+00	   2.0000000000000004e-01	  -1.0000000000000000e+00
  -3.0000000000000004e-01	   2.6500000000000004e+00	  -1.0000000000000000e+00
   3.8000000000000003e+00	   2.6000000000000005e+00	  -1.0000000000000000e+00
   1.3000000000000000e+00	   1.6000000000000003e+00	  -1.0000000000000000e+00
  -2.1000000000000001e+00	   1.0000000000000002e+00	  -1.0000000000000000e+00
  -1.1000000000000001e+00	   7.5000000000000011e-01	  -1.0000000000000000e+00
  -3.0000000000000004e-01	   5.0000000000000011e-01	  -1.0000000000000000e+00
   3.7000000000000002e+00	   2.8000000000000007e+00	  -1.0000000000000000e+00
   4.0000000000000000e+00	   2.8500000000000005e+00	  -1.0000000000000000e+00
   9.0000000000000002e-01	   7.0000000000000018e-01	  -1.0000000000000000e+00
  -6.0000000000000009e-01	   1.8500000000000003e+00	  -1.0000000000000000e+00
  -1.7000000000000002e+00	   4.0000000000000008e-01	  -1.0000000000000000e+00
  -7.1295170430197577e-02	   1.4605434328908029e+00	  -1.0000000000000000e+00
   8.0000000000000004e-01	   2.8500000000000005e+00	  -1.0000000000000000e+00
  -4.0000000000000002e-01	   1.5500000000000003e+00	  -1.0000000000000000e+00
   1.7000000000000002e+00	   2.3000000000000003e+00	  -1.0000000000000000e+00
   3.4000000000000004e+00	   1.1000000000000003e+00	  -1.0000000000000000e+00
   3.0000000000000004e-01	   1.1500000000000001e+00	  -1.0000000000000000e+00
   3.6000000000000001e+00	   2.6000000000000005e+00	  -1.0000000000000000e+00
  -1.0000000000000000e+00	   1.7000000000000004e+00	  -1.0000000000000000e+00
  -2.0000000000000000e+00	   4.0000000000000008e-01	  -1.0000000000000000e+00
  -2.6000000000000001e+00	   7.0000000000000018e-01	  -1.0000000000000000e+00
   3.9000000000000004e+00	   1.0500000000000003e+00	  -1.0000000000000000e+00
  -2.6000000000000001e+00	   2.1000000000000005e+00	  -1.0000000000000000e+00
   1.3000000000000000e+00	   3.5000000000000009e-01	  -1.0000000000000000e+00
  -1.6000000000000001e+00	   1.8500000000000003e+00	  -1.0000000000000000e+00
   4.0000000000000000e+00	   2.6500000000000004e+00	  -1.0000000000000000e+00
  -1.5000000000000000e+00	   1.2000000000000002e+00	  -1.0000000000000000e+00
  -1.7000000000000002e+00	   2.1500000000000004e+00	  -1.0000000000000000e+00
  -2.0000000000000000e+00	   8.5000000000000020e-01	  -1.0000000000000000e+00
   3.5000000000000000e+00	   2.0000000000000004e-01	  -1.0000000000000000e+00
   5.0000000000000000e-01	   2.4500000000000006e+00	  -1.0000000000000000e+00
  -9.0000000000000002e-01	   6.0000000000000009e-01	  -1.0000000000000000e+00
   3.6000000000000001e+00	   2.0500000000000003e+00	  -1.0000000000000000e+00
  -1.0000000000000001e-01	   9.0000000000000013e-01	  -1.0000000000000000e+00
  -2.4000000000000004e+00	   1.9500000000000004e+00	  -1.0000000000000000e+00
   1.0000000000000001e-01	   2.4000000000000004e+00	  -1.0000000000000000e+00
  -6.0000000000000009e-01	   1.2000000000000002e+00	  -1.0000000000000000e+00
   1.0000000000000001e-01	   2.8000000000000007e+00	  -1.0000000000000000e+00
   1.1000000000000001e+00	   9.0000000000000013e-01	  -1.0000000000000000e+00
   1.0000000000000000e+00	   2.2500000000000004e+00	  -1.0000000000000000e+00
   1.5000000000000000e+00	   5.5000000000000016e-01	  -1.0000000000000000e+00
   5.0000000000000000e-01	   1.3500000000000003e+00	  -1.0000000000000000e+00
   0.0000000000000000e+00	   1.7500000000000004e+00	  -1.0000000000000000e+00
   2.0000000000000001e-01	   1.1000000000000003e+00	  -1.0000000000000000e+00
   3.6000000000000001e+00	   1.1500000000000001e+00	  -1.0000000000000000e+00
   4.1000000000000005e+00	   1.4000000000000004e+00	  -1.0000000000000000e+00
  -2.6000000000000001e+00	   1.1000000000000003e+00	  -1.0000000000000000e+00
  -1.3000000000000000e+00	   2.8500000000000005e+00	  -1.0000000000000000e+00
  -2.3000000000000003e+00	   2.3500000000000005e+00	  -1.0000000000000000e+00
  -2.2000000000000002e+00	   1.4500000000000002e+00	  -1.0000000000000000e+00
   3.8000000000000003e+00	   2.3500000000000005e+00	  -1.0000000000000000e+00
   1.4000000000000001e+00	   5.0000000000000011e-01	  -1.0000000000000000e+00
  -1.9000000000000001e+00	   2.5000000000000006e-01	  -1.0000000000000000e+00
   3.2000000000000002e+00	   2.2000000000000006e+00	  -1.0000000000000000e+00
   3.4000000000000004e+00	   2.0000000000000004e+00	  -1.0000000000000000e+00
   3.0000000000000000e+00	   1.7500000000000004e+00	  -1.0000000000000000e+00
  -1.9000000000000001e+00	   1.0000000000000002e-01	  -1.0000000000000000e+00
   1.2000000000000002e+00	   1.4000000000000004e+00	  -1.0000000000000000e+00
   3.7000000000000002e+00	   5.0000000000000010e-02	  -1.0000000000000000e+00
  -7.0000000000000007e-01	   1.1500000000000001e+00	  -1.0000000000000000e+00
  -3.0000000000000004e-01	   1.7500000000000004e+00	  -1.0000000000000000e+00
  -1.6000000000000001e+00	   2.9000000000000004e+00	  -1.0000000000000000e+00
   4.1000000000000005e+00	   2.0500000000000003e+00	  -1.0000000000000000e+00
  -8.0000000000000004e-01	   7.5000000000000011e-01	  -1.0000000000000000e+00
   1.5000000000000000e+00	   1.2000000000000002e+00	  -1.0000000000000000e+00
  -1.3000000000000000e+00	   2.7000000000000006e+00	  -1.0000000000000000e+00
   1.2000000000000002e+00	   7.5000000000000011e-01	  -1.0000000000000000e+00
   3.3000000000000003e+00	   2.2000000000000006e+00	  -1.0000000000000000e+00
   2.0000000000000001e-01	   2.6000000000000005e+00	  -1.0000000000000000e+00
   1.3000000000000000e+00	   1.5000000000000002e-01	  -1.0000000000000000e+00
  -8.0000000000000004e-01	   1.9500000000000004e+00	  -1.0000000000000000e+00
   3.3000000000000003e+00	   1.7000000000000004e+00	  -1.0000000000000000e+00
   3.1000000000000001e+00	   1.0500000000000003e+00	  -1.0000000000000000e+00
   2.0000000000000001e-01	   1.3000000000000003e+00	  -1.0000000000000000e+00
  -2.4000000000000004e+00	   3.0000000000000004e-01	  -1.0000000000000000e+00
   8.0000000000000004e-01	   1.5500000000000003e+00	  -1.0000000000000000e+00
   1.9000000000000001e+00	   1.0500000000000003e+00	  -1.0000000000000000e+00
   1.3000000000000000e+00	   1.3500000000000003e+00	  -1.0000000000000000e+00
  -1.1000000000000001e+00	   1.9000000000000004e+00	  -1.0000000000000000e+00
   1.0000000000000000e+00	   2.6000000000000005e+00	  -1.0000000000000000e+00
  -2.1000000000000001e+00	   2.8000000000000007e+00	  -1.0000000000000000e+00
   1.5000000000000000e+00	   1.4500000000000002e+00	  -1.0000000000000000e+00
  -9.0000000000000002e-01	   1.4000000000000004e+00	  -1.0000000000000000e+00
   1.9000000000000001e+00	   1.0000000000000002e+00	  -1.0000000000000000e+00
   4.0000000000000000e+00	   1.5000000000000002e-01	  -1.0000000000000000e+00
   3.6000000000000001e+00	   1.8000000000000003e+00	  -1.0000000000000000e+00
  -2.3000000000000003e+00	   1.0000000000000002e-01	  -1.0000000000000000e+00
   1.1000000000000001e+00	   2.4000000000000004e+00	  -1.0000000000000000e+00
  -2.2000000000000002e+00	   5.0000000000000011e-01	  -1.0000000000000000e+00
   4.0000000000000000e+00	   5.5000000000000016e-01	  -1.0000000000000000e+00
   8.0000000000000004e-01	   1.9500000000000004e+00	  -1.0000000000000000e+00
  -1.0000000000000000e+00	   1.6000000000000003e+00	  -1.0000000000000000e+00
  -1.5000000000000000e+00	   2.8500000000000005e+00	  -1.0000000000000000e+00
   9.0000000000000002e-01	   1.3000000000000003e+00	  -1.0000000000000000e+00
  -2.3000000000000003e+00	   8.5000000000000020e-01	  -1.0000000000000000e+00
  -4.0000000000000002e-01	   2.4500000000000006e+00	  -1.0000000000000000e+00
   3.5000000000000000e+00	   6.0000000000000009e-01	  -1.0000000000000000e+00
  -5.0000000000000000e-01	   1.5500000000000003e+00	  -1.0000000000000000e+00
   1.2000000000000002e+00	   1.9500000000000004e+00	  -1.0000000000000000e+00
   1.4000000000000001e+00	   3.5000000000000009e-01	  -1.0000000000000000e+00
  -9.0000000000000002e-01	   1.5000000000000002e+00	  -1.0000000000000000e+00
  -2.3000000000000003e+00	   7.0000000000000018e-01	  -1.0000000000000000e+00
  -1.0000000000000000e+00	   1.3500000000000003e+00	  -1.0000000000000000e+00
  -2.3000000000000003e+00	   1.0000000000000002e+00	  -1.0000000000000000e+00
   4.0000000000000000e+00	   2.0500000000000003e+00	  -1.0000000000000000e+00
   1.7000000000000002e+00	   4.0000000000000008e-01	  -1.0000000000000000e+00
   1.4321360100517206e+00	   3.0647507653112338e-01	  -1.0000000000000000e+00
  -3.0000000000000004e-01	   1.5000000000000002e+00	  -1.0000000000000000e+00
   2.0000000000000001e-01	   2.4500000000000006e+00	  -1.0000000000000000e+00
   3.7000000000000002e+00	   6.0000000000000009e-01	  -1.0000000000000000e+00
   3.2000000000000002e+00	   7.0000000000000018e-01	  -1.0000000000000000e+00
   3.0000000000000004e-01	   1.5500000000000003e+00	  -1.0000000000000000e+00
  -5.0000000000000000e-01	   5.5000000000000016e-01	  -1.0000000000000000e+00
  -1.8000000000000000e+00	   2.8500000000000005e+00	  -1.0000000000000000e+00
  -2.5000000000000000e+00	   2.0500000000000003e+00	  -1.0000000000000000e+00
   4.2000000000000002e+00	   2.6500000000000004e+00	  -1.0000000000000000e+00
   3.2000000000000002e+00	   1.1500000000000001e+00	  -1.0000000000000000e+00
  -8.0000000000000004e-01	   8.5000000000000020e-01	  -1.0000000000000000e+00
   4.0000000000000000e+00	   1.4000000000000004e+00	  -1.0000000000000000e+00
   3.9000000000000004e+00	   8.0000000000000016e-01	  -1.0000000000000000e+00
  -1.3000000000000000e+00	   5.0000000000000010e-02	  -1.0000000000000000e+00
   1.7000000000000002e+00	   1.3000000000000003e+00	  -1.0000000000000000e+00
   3.4000000000000004e+00	   2.3000000000000003e+00	  -1.0000000000000000e+00
   3.9000000000000004e+00	   1.1500000000000001e+00	  -1.0000000000000000e+00
   4.2000000000000002e+00	  -5.0000000000000010e-02	  -1.0000000000000000e+00
   1.1000000000000001e+00	   2.6500000000000004e+00	  -1.0000000000000000e+00
   3.5000000000000000e+00	   1.4000000000000004e+00	  -1.0000000000000000e+00
  -6.0000000000000009e-01	   2.2000000000000006e+00	  -1.0000000000000000e+00
  -1.0000000000000000e+00	   1.0500000000000003e+00	  -1.0000000000000000e+00
   3.4000000000000004e+00	   2.0500000000000003e+00	  -1.0000000000000000e+00
   4.0000000000000002e-01	   2.9000000000000004e+00	  -1.0000000000000000e+00
  -2.2000000000000002e+00	   1.0000000000000002e-01	  -1.0000000000000000e+00
   3.7000000000000002e+00	   1.6000000000000003e+00	  -1.0000000000000000e+00
  -2.4000000000000004e+00	   1.5500000000000003e+00	  -1.0000000000000000e+00
   1.0000000000000001e-01	   2.6000000000000005e+00	  -1.0000000000000000e+00
   5.2869809338952822e-01	   1.6475755742144940e+00	  -1.0000000000000000e+00
  -1.8000000000000000e+00	   1.4000000000000004e+00	  -1.0000000000000000e+00
   3.6000000000000001e+00	   1.1000000000000003e+00	  -1.0000000000000000e+00
   1.4000000000000001e+00	   3.0000000000000004e-01	  -1.0000000000000000e+00
   1.6000000000000001e+00	   2.1500000000000004e+00	  -1.0000000000000000e+00
  -2.5000000000000000e+00	   1.4000000000000004e+00	  -1.0000000000000000e+00
  -8.0000000000000004e-01	   1.5500000000000003e+00	  -1.0000000000000000e+00
  -8.0000000000000004e-01	   1.5000000000000002e+00	  -1.0000000000000000e+00
   4.1000000000000005e+00	   1.2000000000000002e+00	  -1.0000000000000000e+00
  -3.0000000000000004e-01	   7.5000000000000011e-01	  -1.0000000000000000e+00
   3.6000000000000001e+00	   1.9500000000000004e+00	  -1.0000000000000000e+00
  -2.0000000000000000e+00	   2.6000000000000005e+00	  -1.0000000000000000e+00
  -1.3000000000000000e+00	   1.0000000000000002e+00	  -1.0000000000000000e+00
   3.1000000000000001e+00	   1.2500000000000002e+00	  -1.0000000000000000e+00
   8.0000000000000004e-01	   9.0000000000000013e-01	  -1.0000000000000000e+00
  -1.6000000000000001e+00	   2.0500000000000003e+00	  -1.0000000000000000e+00
   0.0000000000000000e+00	   1.0500000000000003e+00	  -1.0000000000000000e+00
  -6.0000000000000009e-01	   2.6000000000000005e+00	  -1.0000000000000000e+00
  -1.9000000000000001e+00	   2.5000000000000004e+00	  -1.0000000000000000e+00
  -9.0000000000000002e-01	   2.7000000000000006e+00	  -1.0000000000000000e+00
   6.0000000000000009e-01	   1.9500000000000004e+00	  -1.0000000000000000e+00
   1.4000000000000001e+00	   1.6500000000000004e+00	  -1.0000000000000000e+00
   4.1000000000000005e+00	   2.9000000000000004e+00	  -1.0000000000000000e+00
  -2.6000000000000001e+00	   2.2500000000000004e+00	  -1.0000000000000000e+00
   2.8879470277189387e+00	   2.0693004335722964e-02	  -1.0000000000000000e+00
   4.1000000000000005e+00	   2.4000000000000004e+00	  -1.0000000000000000e+00
   3.5000000000000000e+00	   2.7500000000000004e+00	  -1.0000000000000000e+00
  -2.1000000000000001e+00	   1.6000000000000003e+00	  -1.0000000000000000e+00
   1.6000000000000001e+00	   1.4500000000000002e+00	  -1.0000000000000000e+00
   7.0000000000000007e-01	   1.7000000000000004e+00	  -1.0000000000000000e+00
   2.0000000000000000e+00	   3.5000000000000009e-01	  -1.0000000000000000e+00
   3.3000000000000003e+00	   8.5000000000000020e-01	  -1.0000000000000000e+00
  -1.6000000000000001e+00	   2.3000000000000003e+00	  -1.0000000000000000e+00
  -7.0000000000000007e-01	   1.9000000000000004e+00	  -1.0000000000000000e+00
   3.8000000000000003e+00	   2.7500000000000004e+00	  -1.0000000000000000e+00
   1.2000000000000002e+00	   2.2000000000000006e+00	  -1.0000000000000000e+00
  -2.5000000000000000e+00	   1.5500000000000003e+00	  -1.0000000000000000e+00
  -1.6000000000000001e+00	   6.5000000000000013e-01	  -1.0000000000000000e+00
   6.0000000000000009e-01	   2.2000000000000006e+00	  -1.0000000000000000e+00
  -1.3000000000000000e+00	   3.0000000000000004e-01	  -1.0000000000000000e+00
  -2.4000000000000004e+00	  -2.5000000000000006e-01	  -1.0000000000000000e+00
   3.0000000000000000e+00	   2.5000000000000004e+00	  -1.0000000000000000e+00
   1.8000000000000000e+00	   6.5000000000000013e-01	  -1.0000000000000000e+00
  -2.0000000000000000e+00	   1.1500000000000001e+00	  -1.0000000000000000e+00
  -6.0000000000000009e-01	   1.9000000000000004e+00	  -1.0000000000000000e+00
  -1.6000000000000001e+00	   1.9000000000000004e+00	  -1.0000000000000000e+00
   3.9000000000000004e+00	   1.0000000000000002e-01	  -1.0000000000000000e+00
   1.6000000000000001e+00	   2.8000000000000007e+00	  -1.0000000000000000e+00
  -8.0000000000000004e-01	   1.1000000000000003e+00	  -1.0000000000000000e+00
  -3.0000000000000004e-01	   2.8500000000000005e+00	  -1.0000000000000000e+00
  -2.6000000000000001e+00	   1.5500000000000003e+00	  -1.0000000000000000e+00
  -1.0000000000000000e+00	   2.8000000000000007e+00	  -1.0000000000000000e+00
  -5.0000000000000000e-01	   7.0000000000000018e-01	  -1.0000000000000000e+00
   5.0000000000000000e-01	   2.8500000000000005e+00	  -1.0000000000000000e+00
  -1.8000000000000000e+00	   1.6000000000000003e+00	  -1.0000000000000000e+00
   4.2000000000000002e+00	   2.5000000000000006e-01	  -1.0000000000000000e+00
   9.0000000000000002e-01	   8.0000000000000016e-01	  -1.0000000000000000e+00
  -2.0000000000000000e+00	   5.0000000000000011e-01	  -1.0000000000000000e+00
  -2.4000000000000004e+00	   5.5000000000000016e-01	  -1.0000000000000000e+00
   5.0000000000000000e-01	   1.8500000000000003e+00	  -1.0000000000000000e+00
   3.9000000000000004e+00	   5.5000000000000016e-01	  -1.0000000000000000e+00
  -1.5000000000000000e+00	   1.4500000000000002e+00	  -1.0000000000000000e+00
   1.7000000000000002e+00	   5.0000000000000010e-02	  -1.0000000000000000e+00
   4.2000000000000002e+00	  -5.0000000000000011e-01	  -1.0000000000000000e+00
  -1.3000000000000000e+00	   2.1500000000000004e+00	  -1.0000000000000000e+00
   4.0000000000000002e-01	   1.8000000000000003e+00	  -1.0000000000000000e+00
  -1.6000000000000001e+00	   1.1500000000000001e+00	  -1.0000000000000000e+00
  -1.3000000000000000e+00	   2.4500000000000006e+00	  -1.0000000000000000e+00
   1.4000000000000001e+00	   1.8000000000000003e+00	  -1.0000000000000000e+00
   1.6000000000000001e+00	   4.5000000000000007e-01	  -1.0000000000000000e+00
   1.2000000000000002e+00	   8.0000000000000016e-01	  -1.0000000000000000e+00
  -1.9000000000000001e+00	   1.0000000000000002e+00	  -1.0000000000000000e+00
  -4.0000000000000002e-01	   2.2500000000000004e+00	  -1.0000000000000000e+00
  -2.1000000000000001e+00	  -1.0000000000000002e-01	  -1.0000000000000000e+00
  -3.0000000000000004e-01	   2.7500000000000004e+00	  -1.0000000000000000e+00
   3.6000000000000001e+00	   2.5000000000000004e+00	  -1.0000000000000000e+00
  -4.0000000000000002e-01	   2.7000000000000006e+00	  -1.0000000000000000e+00
   1.7000000000000002e+00	   7.5000000000000011e-01	  -1.0000000000000000e+00
  -1.0000000000000001e-01	   2.8500000000000005e+00	  -1.0000000000000000e+00
  -2.2000000000000002e+00	   2.5000000000000004e+00	  -1.0000000000000000e+00
  -2.4000000000000004e+00	   5.0000000000000010e-02	  -1.0000000000000000e+00
  -1.3000000000000000e+00	   1.8000000000000003e+00	  -1.0000000000000000e+00
   1.4000000000000001e+00	   1.7000000000000004e+00	  -1.0000000000000000e+00
  -3.0000000000000004e-01	   1.1500000000000001e+00	  -1.0000000000000000e+00
  -4.0000000000000002e-01	   1.4000000000000004e+00	  -1.0000000000000000e+00
   3.6000000000000001e+00	   2.5000000000000006e-01	  -1.0000000000000000e+00
   3.6000000000000001e+00	   1.4000000000000004e+00	  -1.0000000000000000e+00
  -1.7000000000000002e+00	   2.8500000000000005e+00	  -1.0000000000000000e+00
  -1.2000000000000002e+00	   4.5000000000000007e-01	  -1.0000000000000000e+00
  -5.0000000000000000e-01	   1.2500000000000002e+00	  -1.0000000000000000e+00
   3.0000000000000000e+00	   1.3000000000000003e+00	  -1.0000000000000000e+00
  -8.0000000000000004e-01	   1.4500000000000002e+00	  -1.0000000000000000e+00
   7.0000000000000007e-01	   1.3500000000000003e+00	  -1.0000000000000000e+00
  -1.8000000000000000e+00	   2.9000000000000004e+00	  -1.0000000000000000e+00
  -2.5000000000000000e+00	   2.8000000000000007e+00	  -1.0000000000000000e+00
   3.1000000000000001e+00	   2.8000000000000007e+00	  -1.0000000000000000e+00
  -3.0000000000000004e-01	   1.2000000000000002e+00	  -1.0000000000000000e+00
  -2.4000000000000004e+00	   2.4000000000000004e+00	  -1.0000000000000000e+00
  -2.4000000000000004e+00	   1.1500000000000001e+00	  -1.0000000000000000e+00
   3.5031264602195447e+00	   1.2239818522616708e+00	  -1.0000000000000000e+00
   1.1000000000000001e+00	   6.0000000000000009e-01	  -1.0000000000000000e+00
  -2.4000000000000004e+00	   1.7500000000000004e+00	  -1.0000000000000000e+00
  -1.6000000000000001e+00	   2.2000000000000006e+00	  -1.0000000000000000e+00
  -8.0000000000000004e-01	   1.0000000000000002e+00	  -1.0000000000000000e+00
   4.0000000000000000e+00	   2.4000000000000004e+00	  -1.0000000000000000e+00
   4.2000000000000002e+00	   9.0000000000000013e-01	  -1.0000000000000000e+00
  -7.0000000000000007e-01	   1.3500000000000003e+00	  -1.0000000000000000e+00
   3.9000000000000004e+00	   2.2000000000000006e+00	  -1.0000000000000000e+00
  -1.8000000000000000e+00	   1.8000000000000003e+00	  -1.0000000000000000e+00
   3.8000000000000003e+00	   5.0000000000000011e-01	  -1.0000000000000000e+00
   1.4000000000000001e+00	   2.1000000000000005e+00	  -1.0000000000000000e+00
   6.0000000000000009e-01	   1.7000000000000004e+00	  -1.0000000000000000e+00
   1.4000000000000001e+00	   2.0500000000000003e+00	  -1.0000000000000000e+00
   1.5000000000000000e+00	   2.4500000000000006e+00	  -1.0000000000000000e+00
  -2.1000000000000001e+00	   1.4500000000000002e+00	  -1.0000000000000000e+00
   3.8000000000000003e+00	   9.5000000000000018e-01	  -1.0000000000000000e+00
  -1.2000000000000002e+00	   2.8000000000000007e+00	  -1.0000000000000000e+00
  -1.0000000000000000e+00	   2.4000000000000004e+00	  -1.0000000000000000e+00
   3.4000000000000004e+00	   6.0000000000000009e-01	  -1.0000000000000000e+00
  -1.3000000000000000e+00	   1.9000000000000004e+00	  -1.0000000000000000e+00
   1.6000000000000001e+00	   9.0000000000000013e-01	  -1.0000000000000000e+00
  -2.0000000000000000e+00	   1.5000000000000002e+00	  -1.0000000000000000e+00
  -9.0000000000000002e-01	   2.8500000000000005e+00	  -1.0000000000000000e+00
   4.2000000000000002e+00	   2.8500000000000005e+00	  -1.0000000000000000e+00
   3.2000000000000002e+00	   2.5500000000000007e+00	  -1.0000000000000000e+00
   1.4000000000000001e+00	   2.0000000000000004e-01	  -1.0000000000000000e+00
  -2.3000000000000003e+00	   2.0000000000000004e-01	  -1.0000000000000000e+00
  -1.9000000000000001e+00	   3.5000000000000009e-01	  -1.0000000000000000e+00
  -1.2000000000000002e+00	   5.5000000000000016e-01	  -1.0000000000000000e+00
   1.7000000000000002e+00	   1.6000000000000003e+00	  -1.0000000000000000e+00
  -3.0000000000000004e-01	   7.0000000000000018e-01	  -1.0000000000000000e+00
  -1.8000000000000000e+00	   1.2500000000000002e+00	  -1.0000000000000000e+00
  -2.0000000000000001e-01	   8.0000000000000016e-01	  -1.0000000000000000e+00
  -1.9000000000000001e+00	   1.3500000000000003e+00	  -1.0000000000000000e+00
   1.5108276886319414e+00	   2.4778652855152403e+00	  -1.0000000000000000e+00
   3.8000000000000003e+00	   1.4500000000000002e+00	  -1.0000000000000000e+00
   9.0000000000000002e-01	   1.3500000000000003e+00	  -1.0000000000000000e+00
  -1.1000000000000001e+00	   1.5000000000000002e-01	  -1.0000000000000000e+00
  -1.4000000000000001e+00	   0.0000000000000000e+00	  -1.0000000000000000e+00
   4.1000000000000005e+00	   2.7000000000000006e+00	  -1.0000000000000000e+00
   1.2000000000000002e+00	   1.0500000000000003e+00	  -1.0000000000000000e+00
  -9.0000000000000002e-01	   2.3500000000000005e+00	  -1.0000000000000000e+00
  -1.6000000000000001e+00	   1.2000000000000002e+00	  -1.0000000000000000e+00
   1.3000000000000000e+00	   6.0000000000000009e-01	  -1.0000000000000000e+00
   1.4000000000000001e+00	   1.5000000000000002e+00	  -1.0000000000000000e+00
   3.3000000000000003e+00	   7.0000000000000018e-01	  -1.0000000000000000e+00
  -2.1000000000000001e+00	   2.3500000000000005e+00	  -1.0000000000000000e+00
   4.0000000000000000e+00	   4.0000000000000008e-01	  -1.0000000000000000e+00
   4.0000000000000000e+00	   2.2000000000000006e+00	  -1.0000000000000000e+00
  -1.4000000000000001e+00	   2.7000000000000006e+00	  -1.0000000000000000e+00
   9.0000000000000002e-01	   2.1500000000000004e+00	  -1.0000000000000000e+00
   1.6000000000000001e+00	   3.5000000000000009e-01	  -1.0000000000000000e+00
   1.6000000000000001e+00	   2.5000000000000004e+00	  -1.0000000000000000e+00
   1.4000000000000001e+00	   1.2000000000000002e+00	  -1.0000000000000000e+00
  -4.0000000000000002e-01	   1.7500000000000004e+00	  -1.0000000000000000e+00
  -2.6000000000000001e+00	   1.0000000000000002e-01	  -1.0000000000000000e+00
   4.1000000000000005e+00	   8.5000000000000020e-01	  -1.0000000000000000e+00
   1.7000000000000002e+00	   1.2000000000000002e+00	  -1.0000000000000000e+00
   4.2000000000000002e+00	   1.1500000000000001e+00	  -1.0000000000000000e+00
  -2.5000000000000000e+00	   2.0000000000000004e-01	  -1.0000000000000000e+00
   1.5000000000000000e+00	   6.0000000000000009e-01	  -1.0000000000000000e+00
  -2.0000000000000000e+00	   7.0000000000000018e-01	  -1.0000000000000000e+00
   1.7000000000000002e+00	   6.5000000000000013e-01	  -1.0000000000000000e+00
   3.2000000000000002e+00	   1.2000000000000002e+00	  -1.0000000000000000e+00
  -4.0000000000000002e-01	   1.4500000000000002e+00	  -1.0000000000000000e+00
   1.0000000000000000e+00	   2.8500000000000005e+00	  -1.0000000000000000e+00
   3.7000000000000002e+00	   6.5000000000000013e-01	  -1.0000000000000000e+00
  -1.6000000000000001e+00	   1.4500000000000002e+00	  -1.0000000000000000e+00
   1.8708997454336374e+00	   6.5456444270780201e-01	  -1.0000000000000000e+00
   1.9000000000000001e+00	   9.0000000000000013e-01	  -1.0000000000000000e+00
   3.6000000000000001e+00	   1.7000000000000004e+00	  -1.0000000000000000e+00
  -1.2000000000000002e+00	   6.0000000000000009e-01	  -1.0000000000000000e+00
  -2.4000000000000004e+00	  -3.0000000000000004e-01	  -1.0000000000000000e+00
   9.0000000000000002e-01	   1.9500000000000004e+00	  -1.0000000000000000e+00
   3.7000000000000002e+00	   2.6000000000000005e+00	  -1.0000000000000000e+00
   2.1000000000000001e+00	   5.5000000000000016e-01	  -1.0000000000000000e+00
   3.2000000000000002e+00	   1.7000000000000004e+00	  -1.0000000000000000e+00
   2.0000000000000001e-01	   2.7500000000000004e+00	  -1.0000000000000000e+00
   8.0000000000000004e-01	   1.1500000000000001e+00	  -1.0000000000000000e+00
   1.6000000000000001e+00	   1.9000000000000004e+00	  -1.0000000000000000e+00
   3.0000000000000004e-01	   1.0000000000000002e+00	  -1.0000000000000000e+00
   1.0000000000000001e-01	   1.6500000000000004e+00	  -1.0000000000000000e+00
  -2.6000000000000001e+00	   2.5000000000000006e-01	  -1.0000000000000000e+00
   4.2000000000000002e+00	   1.0000000000000002e-01	  -1.0000000000000000e+00
  -5.0000000000000000e-01	   1.0500000000000003e+00	  -1.0000000000000000e+00
   7.0000000000000007e-01	   2.3500000000000005e+00	  -1.0000000000000000e+00
   4.2000000000000002e+00	   3.0000000000000004e-01	  -1.0000000000000000e+00
   3.0000000000000004e-01	   1.6500000000000004e+00	  -1.0000000000000000e+00
   1.5000000000000000e+00	   1.1000000000000003e+00	  -1.0000000000000000e+00
  -3.0000000000000004e-01	   2.9000000000000004e+00	  -1.0000000000000000e+00
  -6.0000000000000009e-01	   4.0000000000000008e-01	  -1.0000000000000000e+00
   5.0000000000000000e-01	   2.7500000000000004e+00	  -1.0000000000000000e+00
   3.8000000000000003e+00	   2.4000000000000004e+00	  -1.0000000000000000e+00
  -2.2000000000000002e+00	   1.7500000000000004e+00	  -1.0000000000000000e+00
  -1.7000000000000002e+00	   2.9000000000000004e+00	  -1.0000000000000000e+00
  -2.5000000000000000e+00	   1.5000000000000002e+00	  -1.0000000000000000e+00
  -2.2000000000000002e+00	  -2.0000000000000004e-01	  -1.0000000000000000e+00
   1.2000000000000002e+00	   2.1500000000000004e+00	  -1.0000000000000000e+00
   1.1000000000000001e+00	   2.2500000000000004e+00	  -1.0000000000000000e+00
  -2.3000000000000003e+00	   2.5000000000000006e-01	  -1.0000000000000000e+00
   4.0000000000000000e+00	   2.1000000000000005e+00	  -1.0000000000000000e+00
  -3.0000000000000004e-01	   2.5000000000000004e+00	  -1.0000000000000000e+00
   3.8000000000000003e+00	   1.3500000000000003e+00	  -1.0000000000000000e+00
  -6.0000000000000009e-01	   1.0000000000000002e+00	  -1.0000000000000000e+00
  -1.0000000000000001e-01	   1.3000000000000003e+00	  -1.0000000000000000e+00
  -3.0000000000000004e-01	   2.2500000000000004e+00	  -1.0000000000000000e+00
  -9.0000000000000002e-01	   7.5000000000000011e-01	  -1.0000000000000000e+00
   3.6000000000000001e+00	   2.2500000000000004e+00	  -1.0000000000000000e+00
   1.0000000000000001e-01	   2.9000000000000004e+00	  -1.0000000000000000e+00
   3.6000000000000001e+00	   1.7500000000000004e+00	  -1.0000000000000000e+00
  -1.4000000000000001e+00	   7.0000000000000018e-01	  -1.0000000000000000e+00
  -1.9000000000000001e+00	   9.0000000000000013e-01	  -1.0000000000000000e+00
  -1.8000000000000000e+00	   6.5000000000000013e-01	  -1.0000000000000000e+00
   1.2000000000000002e+00	   4.5000000000000007e-01	  -1.0000000000000000e+00
   2.0000000000000001e-01	   1.9000000000000004e+00	  -1.0000000000000000e+00
   4.0000000000000000e+00	  -4.5000000000000007e-01	  -1.0000000000000000e+00
   1.6000000000000001e+00	   8.5000000000000020e-01	  -1.0000000000000000e+00
  -6.0000000000000009e-01	   2.5000000000000004e+00	  -1.0000000000000000e+00
  -5.0000000000000000e-01	   1.6000000000000003e+00	  -1.0000000000000000e+00
  -1.0000000000000000e+00	   1.4000000000000004e+00	  -1.0000000000000000e+00
   4.2000000000000002e+00	  -4.5000000000000007e-01	  -1.0000000000000000e+00
  -1.7000000000000002e+00	   1.2500000000000002e+00	  -1.0000000000000000e+00
   5.0000000000000000e-01	   2.1000000000000005e+00	  -1.0000000000000000e+00
   3.1000000000000001e+00	   1.8500000000000003e+00	  -1.0000000000000000e+00
   4.2000000000000002e+00	   1.0000000000000002e+00	  -1.0000000000000000e+00
   3.3000000000000003e+00	   1.2500000000000002e+00	  -1.0000000000000000e+00
   3.2000000000000002e+00	   2.8000000000000007e+00	  -1.0000000000000000e+00
   1.2000000000000002e+00	   9.0000000000000013e-01	  -1.0000000000000000e+00
   6.0000000000000009e-01	   1.2500000000000002e+00	  -1.0000000000000000e+00
  -1.7000000000000002e+00	   2.6000000000000005e+00	  -1.0000000000000000e+00
  -5.0000000000000000e-01	   2.4000000000000004e+00	  -1.0000000000000000e+00
   1.3000000000000000e+00	   7.5000000000000011e-01	  -1.0000000000000000e+00
   3.9000000000000004e+00	   2.8000000000000007e+00	  -1.0000000000000000e+00
   3.0000000000000000e+00	   2.1500000000000004e+00	  -1.0000000000000000e+00
   3.5000000000000000e+00	   9.5000000000000018e-01	  -1.0000000000000000e+00
  -7.0000000000000007e-01	   5.0000000000000011e-01	  -1.0000000000000000e+00
  -2.2000000000000002e+00	   2.2500000000000004e+00	  -1.0000000000000000e+00
  -8.0000000000000004e-01	   1.3000000000000003e+00	  -1.0000000000000000e+00
   1.2000000000000002e+00	   1.5500000000000003e+00	  -1.0000000000000000e+00
   1.0000000000000000e+00	   2.3000000000000003e+00	  -1.0000000000000000e+00
  -4.0000000000000002e-01	   8.5000000000000020e-01	  -1.0000000000000000e+00
   1.0000000000000001e-01	   1.2500000000000002e+00	  -1.0000000000000000e+00
   1.0000000000000000e+00	   9.5000000000000018e-01	  -1.0000000000000000e+00
  -1.9000000000000001e+00	   2.8000000000000007e+00	  -1.0000000000000000e+00
  -9.0000000000000002e-01	   1.0500000000000003e+00	  -1.0000000000000000e+00
  -2.0000000000000000e+00	   1.2000000000000002e+00	  -1.0000000000000000e+00
   4.0000000000000000e+00	   1.9500000000000004e+00	  -1.0000000000000000e+00
  -1.3000000000000000e+00	   2.5000000000000006e-01	  -1.0000000000000000e+00
   5.0000000000000000e-01	   2.8000000000000007e+00	  -1.0000000000000000e+00
  -1.6000000000000001e+00	   1.0000000000000002e-01	  -1.0000000000000000e+00
   4.2000000000000002e+00	   1.5500000000000003e+00	  -1.0000000000000000e+00
   3.3000000000000003e+00	   1.3500000000000003e+00	  -1.0000000000000000e+00
   3.3000000000000003e+00	   6.0000000000000009e-01	  -1.0000000000000000e+00
   1.8000000000000000e+00	   8.5000000000000020e-01	  -1.0000000000000000e+00
   8.0000000000000004e-01	   2.5500000000000007e+00	  -1.0000000000000000e+00
  -8.0000000000000004e-01	   2.6500000000000004e+00	  -1.0000000000000000e+00
   3.8000000000000003e+00	   2.8000000000000007e+00	  -1.0000000000000000e+00
   1.5913248216469791e+00	   2.1521163395304771e-01	  -1.0000000000000000e+00
  -4.0000000000000002e-01	   1.2000000000000002e+00	  -1.0000000000000000e+00
  -4.0000000000000002e-01	   1.6000000000000003e+00	  -1.0000000000000000e+00
   3.8000000000000003e+00	   1.8000000000000003e+00	  -1.0000000000000000e+00
   1.3000000000000000e+00	   5.5000000000000016e-01	  -1.0000000000000000e+00
  -2.3000000000000003e+00	   2.4000000000000004e+00	  -1.0000000000000000e+00
  -2.5000000000000000e+00	   2.3000000000000003e+00	  -1.0000000000000000e+00
   2.1000000000000001e+00	   5.0000000000000011e-01	  -1.0000000000000000e+00
   1.2000000000000002e+00	   2.3000000000000003e+00	  -1.0000000000000000e+00
  -2.2000000000000002e+00	   2.8000000000000007e+00	  -1.0000000000000000e+00
  -2.2000000000000002e+00	   2.0000000000000004e+00	  -1.0000000000000000e+00
  -3.1164798150911210e-01	   2.0410985160534847e+00	  -1.0000000000000000e+00
  -9.0000000000000002e-01	   2.1500000000000004e+00	  -1.0000000000000000e+00
  -4.0000000000000002e-01	   1.8500000000000003e+00	  -1.0000000000000000e+00
  -1.4000000000000001e+00	   9.5000000000000018e-01	  -1.0000000000000000e+00
   1.5000000000000000e+00	   7.0000000000000018e-01	  -1.0000000000000000e+00
   1.5000000000000000e+00	   1.3000000000000003e+00	  -1.0000000000000000e+00
  -1.0000000000000000e+00	   2.7500000000000004e+00	  -1.0000000000000000e+00
   1.8000000000000000e+00	   1.2000000000000002e+00	  -1.0000000000000000e+00
   3.8000000000000003e+00	   2.5000000000000006e-01	  -1.0000000000000000e+00
  -2.4774176167150244e+00	   1.0265062045008033e+00	  -1.0000000000000000e+00
  -1.0000000000000001e-01	   1.3500000000000003e+00	  -1.0000000000000000e+00
  -1.1000000000000001e+00	   2.4000000000000004e+00	  -1.0000000000000000e+00
  -2.0000000000000000e+00	   0.0000000000000000e+00	  -1.0000000000000000e+00
   5.0000000000000000e-01	   1.3000000000000003e+00	  -1.0000000000000000e+00
  -2.0000000000000001e-01	   1.3000000000000003e+00	  -1.0000000000000000e+00
   1.5000000000000000e+00	   1.2500000000000002e+00	  -1.0000000000000000e+00
   8.0000000000000004e-01	   2.5000000000000004e+00	  -1.0000000000000000e+00
  -2.2000000000000002e+00	   6.5000000000000013e-01	  -1.0000000000000000e+00
   1.1000000000000001e+00	   1.4500000000000002e+00	  -1.0000000000000000e+00
   8.0000000000000004e-01	   1.6500000000000004e+00	  -1.0000000000000000e+00
  -7.0000000000000007e-01	   1.9500000000000004e+00	  -1.0000000000000000e+00
   9.0000000000000002e-01	   2.0000000000000004e+00	  -1.0000000000000000e+00
  -1.5000000000000000e+00	   1.5000000000000002e+00	  -1.0000000000000000e+00
   1.3000000000000000e+00	   1.9000000000000004e+00	  -1.0000000000000000e+00
   1.2000000000000002e+00	   2.6500000000000004e+00	  -1.0000000000000000e+00
   1.2000000000000002e+00	   5.0000000000000011e-01	  -1.0000000000000000e+00
   4.1000000000000005e+00	   1.8000000000000003e+00	  -1.0000000000000000e+00
  -1.7000000000000002e+00	   1.5000000000000002e+00	  -1.0000000000000000e+00
   4.1000000000000005e+00	  -3.5000000000000009e-01	  -1.0000000000000000e+00
  -1.2000000000000002e+00	   2.1500000000000004e+00	  -1.0000000000000000e+00
  -8.0000000000000004e-01	   9.5000000000000018e-01	  -1.0000000000000000e+00
   5.2446834568190270e-03	   2.1256072345815014e+00	  -1.0000000000000000e+00
   0.0000000000000000e+00	   1.3500000000000003e+00	  -1.0000000000000000e+00
  -1.1000000000000001e+00	   1.0000000000000002e+00	  -1.0000000000000000e+00
   1.4000000000000001e+00	   1.5500000000000003e+00	  -1.0000000000000000e+00
  -1.2000000000000002e+00	   1.8000000000000003e+00	  -1.0000000000000000e+00
  -1.4000000000000001e+00	   3.5000000000000009e-01	  -1.0000000000000000e+00
  -2.0000000000000000e+00	   1.0500000000000003e+00	  -1.0000000000000000e+00
   1.9000000000000001e+00	   7.0000000000000018e-01	  -1.0000000000000000e+00
  -1.4000000000000001e+00	   1.2500000000000002e+00	  -1.0000000000000000e+00
  -4.0000000000000002e-01	   1.6500000000000004e+00	  -1.0000000000000000e+00
  -1.6000000000000001e+00	   9.5000000000000018e-01	  -1.0000000000000000e+00
   8.0000000000000004e-01	   2.3000000000000003e+00	  -1.0000000000000000e+00
   3.6000000000000001e+00	   0.0000000000000000e+00	  -1.0000000000000000e+00
  -2.1000000000000001e+00	   1.9500000000000004e+00	  -1.0000000000000000e+00
   5.6184430725967092e-02	   2.5192580890431571e+00	  -1.0000000000000000e+00
   1.8000000000000000e+00	   3.5000000000000009e-01	  -1.0000000000000000e+00
  -2.2000000000000002e+00	   4.5000000000000007e-01	  -1.0000000000000000e+00
   1.4000000000000001e+00	   2.2500000000000004e+00	  -1.0000000000000000e+00
   4.0000000000000000e+00	   2.7500000000000004e+00	  -1.0000000000000000e+00
   4.0000000000000002e-01	   1.0000000000000002e+00	  -1.0000000000000000e+00
  -1.9000000000000001e+00	   2.6500000000000004e+00	  -1.0000000000000000e+00
   1.3000000000000000e+00	   2.7000000000000006e+00	  -1.0000000000000000e+00
   2.0000000000000001e-01	   2.2500000000000004e+00	  -1.0000000000000000e+00
   1.7000000000000002e+00	   8.5000000000000020e-01	  -1.0000000000000000e+00
   1.7000000000000002e+00	   9.0000000000000013e-01	  -1.0000000000000000e+00
   0.0000000000000000e+00	   1.6500000000000004e+00	  -1.0000000000000000e+00
  -2.1000000000000001e+00	   1.7000000000000004e+00	  -1.0000000000000000e+00
   1.7000000000000002e+00	   6.0000000000000009e-01	  -1.0000000000000000e+00
  -2.3000000000000003e+00	   1.1000000000000003e+00	  -1.0000000000000000e+00
   1.3000000000000000e+00	   2.2000000000000006e+00	  -1.0000000000000000e+00
   1.9000000000000001e+00	   6.5000000000000013e-01	  -1.0000000000000000e+00
   1.4000000000000001e+00	   1.6000000000000003e+00	  -1.0000000000000000e+00
   4.2000000000000002e+00	   1.3500000000000003e+00	  -1.0000000000000000e+00
   3.7000000000000002e+00	   1.5000000000000002e+00	  -1.0000000000000000e+00
  -1.6000000000000001e+00	   2.7000000000000006e+00	  -1.0000000000000000e+00
   3.6000000000000001e+00	   5.0000000000000011e-01	  -1.0000000000000000e+00
  -2.6000000000000001e+00	   3.0000000000000004e-01	  -1.0000000000000000e+00
   3.8000000000000003e+00	  -1.5000000000000002e-01	  -1.0000000000000000e+00
  -2.2000000000000002e+00	   2.1000000000000005e+00	  -1.0000000000000000e+00
  -2.2000000000000002e+00	   2.6000000000000005e+00	  -1.0000000000000000e+00
  -2.6000000000000001e+00	   2.0000000000000004e-01	  -1.0000000000000000e+00
   1.8000000000000000e+00	   4.5000000000000007e-01	  -1.0000000000000000e+00
  -1.0000000000000000e+00	   1.0000000000000002e+00	  -1.0000000000000000e+00
  -6.0000000000000009e-01	   1.3000000000000003e+00	  -1.0000000000000000e+00
   1.0000000000000001e-01	   2.0000000000000004e+00	  -1.0000000000000000e+00
  -7.0000000000000007e-01	   1.0000000000000002e+00	  -1.0000000000000000e+00
   3.5000000000000000e+00	   3.5000000000000009e-01	  -1.0000000000000000e+00
  -3.0000000000000004e-01	   2.8000000000000007e+00	  -1.0000000000000000e+00
  -3.6877579336734084e-01	   1.0389226996422458e+00	  -1.0000000000000000e+00
  -1.4000000000000001e+00	   2.1000000000000005e+00	  -1.0000000000000000e+00
   1.2000000000000002e+00	   3.0000000000000004e-01	  -1.0000000000000000e+00
   3.3000000000000003e+00	   2.5500000000000007e+00	  -1.0000000000000000e+00
   3.6000000000000001e+00	   7.5000000000000011e-01	  -1.0000000000000000e+00
  -1.0000000000000000e+00	   9.0000000000000013e-01	  -1.0000000000000000e+00
  -1.7000000000000002e+00	   4.5000000000000007e-01	  -1.0000000000000000e+00
   3.8000000000000003e+00	   1.6000000000000003e+00	  -1.0000000000000000e+00
   0.0000000000000000e+00	   8.0000000000000016e-01	  -1.0000000000000000e+00
  -6.0000000000000009e-01	   9.0000000000000013e-01	  -1.0000000000000000e+00
  -8.0000000000000004e-01	   2.4500000000000006e+00	  -1.0000000000000000e+00
   3.0000000000000004e-01	   2.3500000000000005e+00	  -1.0000000000000000e+00
   7.0000000000000007e-01	   2.2000000000000006e+00	  -1.0000000000000000e+00
   3.1000000000000001e+00	   2.6500000000000004e+00	  -1.0000000000000000e+00
  -1.0000000000000001e-01	   1.4000000000000004e+00	  -1.0000000000000000e+00
   6.0000000000000009e-01	   2.0500000000000003e+00	  -1.0000000000000000e+00
  -1.5000000000000000e+00	   1.0000000000000002e-01	  -1.0000000000000000e+00
  -7.0000000000000007e-01	   5.5000000000000016e-01	  -1.0000000000000000e+00
   1.2693169086771281e+00	   1.6330625781131745e+00	  -1.0000000000000000e+00
  -6.0000000000000009e-01	   2.3500000000000005e+00	  -1.0000000000000000e+00
   2.5888075766579433e-01	   1.1700552701008207e+00	  -1.0000000000000000e+00
   3.5000000000000000e+00	   2.4500000000000006e+00	  -1.0000000000000000e+00
  -2.2000000000000002e+00	   7.5000000000000011e-01	  -1.0000000000000000e+00
  -9.0000000000000002e-01	   4.5000000000000007e-01	  -1.0000000000000000e+00
   3.3000000000000003e+00	   1.3000000000000003e+00	  -1.0000000000000000e+00
   3.7000000000000002e+00	  -5.0000000000000010e-02	  -1.0000000000000000e+00
  -1.7000000000000002e+00	   8.5000000000000020e-01	  -1.0000000000000000e+00
   8.0000000000000004e-01	   2.1000000000000005e+00	  -1.0000000000000000e+00
  -1.0000000000000001e-01	   8.5000000000000020e-01	  -1.0000000000000000e+00
   2.0000000000000000e+00	   9.0000000000000013e-01	  -1.0000000000000000e+00
   4.0000000000000002e-01	   1.3500000000000003e+00	  -1.0000000000000000e+00
  -2.4000000000000004e+00	   5.0000000000000011e-01	  -1.0000000000000000e+00
  -2.0000000000000000e+00	   1.2500000000000002e+00	  -1.0000000000000000e+00
  -6.0000000000000009e-01	   2.3000000000000003e+00	  -1.0000000000000000e+00
  -2.4000000000000004e+00	   2.1000000000000005e+00	  -1.0000000000000000e+00
   3.7000000000000002e+00	   9.0000000000000013e-01	  -1.0000000000000000e+00
  -1.8000000000000000e+00	   2.2000000000000006e+00	  -1.0000000000000000e+00
   3.3000000000000003e+00	   2.9000000000000004e+00	  -1.0000000000000000e+00
  -1.5000000000000000e+00	   1.6000000000000003e+00	  -1.0000000000000000e+00
  -9.0000000000000002e-01	   2.2000000000000006e+00	  -1.0000000000000000e+00
   9.0000000000000002e-01	   2.3000000000000003e+00	  -1.0000000000000000e+00
   4.1000000000000005e+00	  -3.0000000000000004e-01	  -1.0000000000000000e+00
   1.7000000000000002e+00	   8.0000000000000016e-01	  -1.0000000000000000e+00
  -1.5000000000000000e+00	   1.6500000000000004e+00	  -1.0000000000000000e+00
  -2.6000000000000001e+00	  -2.5000000000000006e-01	  -1.0000000000000000e+00
   2.0000000000000001e-01	   2.2000000000000006e+00	  -1.0000000000000000e+00
   4.0000000000000002e-01	   1.9000000000000004e+00	  -1.0000000000000000e+00
  -2.4000000000000004e+00	   2.5000000000000006e-01	  -1.0000000000000000e+00
  -2.1000000000000001e+00	   8.0000000000000016e-01	  -1.0000000000000000e+00
   3.2000000000000002e+00	   1.5000000000000002e+00	  -1.0000000000000000e+00
   4.0000000000000000e+00	   1.3500000000000003e+00	  -1.0000000000000000e+00
  -1.5000000000000000e+00	   1.7000000000000004e+00	  -1.0000000000000000e+00
   1.7000000000000002e+00	   2.5000000000000006e-01	  -1.0000000000000000e+00
  -1.8000000000000000e+00	   2.0000000000000004e-01	  -1.0000000000000000e+00
  -2.5000000000000000e+00	   1.3000000000000003e+00	  -1.0000000000000000e+00
   4.2000000000000002e+00	   2.1000000000000005e+00	  -1.0000000000000000e+00
  -1.8000000000000000e+00	   2.6000000000000005e+00	  -1.0000000000000000e+00
   1.0000000000000000e+00	   1.4000000000000004e+00	  -1.0000000000000000e+00
   4.2000000000000002e+00	   1.6000000000000003e+00	  -1.0000000000000000e+00
   1.6000000000000001e+00	   2.6500000000000004e+00	  -1.0000000000000000e+00
  -4.0000000000000002e-01	   5.0000000000000011e-01	  -1.0000000000000000e+00
  -1.0000000000000000e+00	   1.1500000000000001e+00	  -1.0000000000000000e+00
  -1.0000000000000001e-01	   1.8000000000000003e+00	  -1.0000000000000000e+00
  -7.1974367559814567e-02	   1.4279128187678489e+00	  -1.0000000000000000e+00
  -5.0000000000000000e-01	   1.9500000000000004e+00	  -1.0000000000000000e+00
   4.1000000000000005e+00	   1.2500000000000002e+00	  -1.0000000000000000e+00
   1.4000000000000001e+00	   1.9500000000000004e+00	  -1.0000000000000000e+00
   1.1000000000000001e+00	   1.0000000000000002e+00	  -1.0000000000000000e+00
   3.7000000000000002e+00	   1.5500000000000003e+00	  -1.0000000000000000e+00
   4.2000000000000002e+00	   4.0000000000000008e-01	  -1.0000000000000000e+00
  -3.0000000000000004e-01	   2.0000000000000004e+00	  -1.0000000000000000e+00
  -1.5000000000000000e+00	   2.7500000000000004e+00	  -1.0000000000000000e+00
   2.0000000000000001e-01	   2.8500000000000005e+00	  -1.0000000000000000e+00
  -1.8000000000000000e+00	   1.1500000000000001e+00	  -1.0000000000000000e+00
  -2.5000000000000000e+00	   1.5000000000000002e-01	  -1.0000000000000000e+00
   1.1000000000000001e+00	   1.9000000000000004e+00	  -1.0000000000000000e+00
  -1.9000000000000001e+00	   1.8000000000000003e+00	  -1.0000000000000000e+00
  -1.6000000000000001e+00	   2.8500000000000005e+00	  -1.0000000000000000e+00
  -2.6475667573582001e-01	   1.4918324255196902e+00	  -1.0000000000000000e+00
  -2.5000000000000000e+00	   5.0000000000000010e-02	  -1.0000000000000000e+00
   2.0000000000000000e+00	   2.0000000000000004e-01	  -1.0000000000000000e+00
   5.0000000000000000e-01	   1.1500000000000001e+00	  -1.0000000000000000e+00
  -1.3000000000000000e+00	   6.5000000000000013e-01	  -1.0000000000000000e+00
   9.0000000000000002e-01	   1.8000000000000003e+00	  -1.0000000000000000e+00
   1.0000000000000000e+00	   1.0000000000000002e+00	  -1.0000000000000000e+00
   8.0000000000000004e-01	   2.3500000000000005e+00	  -1.0000000000000000e+00
  -2.6000000000000001e+00	  -4.0000000000000008e-01	  -1.0000000000000000e+00
   3.7000000000000002e+00	   2.8500000000000005e+00	  -1.0000000000000000e+00
   3.1000000000000001e+00	   2.7000000000000006e+00	  -1.0000000000000000e+00
   3.1000000000000001e+00	   2.2500000000000004e+00	  -1.0000000000000000e+00
  -2.4000000000000004e+00	   2.3000000000000003e+00	  -1.0000000000000000e+00
  -1.2000000000000002e+00	   2.9000000000000004e+00	  -1.0000000000000000e+00
   4.2000000000000002e+00	   0.0000000000000000e+00	  -1.0000000000000000e+00
   3.8000000000000003e+00	   8.0000000000000016e-01	  -1.0000000000000000e+00
   1.6000000000000001e+00	   2.1000000000000005e+00	  -1.0000000000000000e+00
  -4.0000000000000002e-01	   1.0000000000000002e+00	  -1.0000000000000000e+00
  -2.6000000000000001e+00	   2.0500000000000003e+00	  -1.0000000000000000e+00
  -2.1000000000000001e+00	   2.0000000000000004e-01	  -1.0000000000000000e+00
  -9.0000000000000002e-01	   2.7500000000000004e+00	  -1.0000000000000000e+00
  -1.8000000000000000e+00	   2.7500000000000004e+00	  -1.0000000000000000e+00
  -1.9000000000000001e+00	   1.4000000000000004e+00	  -1.0000000000000000e+00
  -1.1000000000000001e+00	   2.9000000000000004e+00	  -1.0000000000000000e+00
  -1.6000000000000001e+00	   1.7000000000000004e+00	  -1.0000000000000000e+00
   3.9000000000000004e+00	   2.3500000000000005e+00	  -1.0000000000000000e+00
   3.0000000000000004e-01	   1.9500000000000004e+00	  -1.0000000000000000e+00
   3.1000000000000001e+00	   9.0000000000000013e-01	  -1.0000000000000000e+00
   3.6000000000000001e+00	   2.3000000000000003e+00	  -1.0000000000000000e+00
   3.3000000000000003e+00	   2.7500000000000004e+00	  -1.0000000000000000e+00
  -3.0000000000000004e-01	   1.0500000000000003e+00	  -1.0000000000000000e+00
   3.9000000000000004e+00	   5.0000000000000010e-02	  -1.0000000000000000e+00
   4.2000000000000002e+00	   2.0500000000000003e+00	  -1.0000000000000000e+00
   1.0000000000000000e+00	   4.0000000000000008e-01	  -1.0000000000000000e+00
   4.0000000000000002e-01	   2.7500000000000004e+00	  -1.0000000000000000e+00
  -2.0000000000000000e+00	   1.9000000000000004e+00	  -1.0000000000000000e+00
   1.3000000000000000e+00	   1.4000000000000004e+00	  -1.0000000000000000e+00
  -1.2000000000000002e+00	   4.0000000000000008e-01	  -1.0000000000000000e+00
  -1.9000000000000001e+00	   1.8500000000000003e+00	  -1.0000000000000000e+00
   1.6000000000000001e+00	   1.0500000000000003e+00	  -1.0000000000000000e+00
  -5.0000000000000000e-01	   2.4500000000000006e+00	  -1.0000000000000000e+00
   3.7000000000000002e+00	   1.8500000000000003e+00	  -1.0000000000000000e+00
  -2.3000000000000003e+00	   2.5000000000000004e+00	  -1.0000000000000000e+00
   3.2000000000000002e+00	   1.9000000000000004e+00	  -1.0000000000000000e+00
  -2.5000000000000000e+00	   1.4500000000000002e+00	  -1.0000000000000000e+00
  -2.3000000000000003e+00	   2.0000000000000004e+00	  -1.0000000000000000e+00
  -1.1000000000000001e+00	   6.0000000000000009e-01	  -1.0000000000000000e+00
  -1.8000000000000000e+00	   7.5000000000000011e-01	  -1.0000000000000000e+00
  -1.8000000000000000e+00	   2.2500000000000004e+00	  -1.0000000000000000e+00
   3.6378630232126707e+00	   1.0391674430182114e+00	  -1.0000000000000000e+00
  -2.3000000000000003e+00	   8.0000000000000016e-01	  -1.0000000000000000e+00
   3.7000000000000002e+00	   1.1500000000000001e+00	  -1.0000000000000000e+00
  -7.0000000000000007e-01	   1.7500000000000004e+00	  -1.0000000000000000e+00
  -1.5000000000000000e+00	   1.0000000000000002e+00	  -1.0000000000000000e+00
  -5.0000000000000000e-01	   1.7000000000000004e+00	  -1.0000000000000000e+00
   4.1000000000000005e+00	   2.2000000000000006e+00	  -1.0000000000000000e+00
   1.0474575855363717e+00	   1.0399961869312859e+00	  -1.0000000000000000e+00
  -1.1000000000000001e+00	   1.3500000000000003e+00	  -1.0000000000000000e+00
  -1.6000000000000001e+00	   1.0000000000000002e+00	  -1.0000000000000000e+00
   1.6000000000000001e+00	   1.5000000000000002e+00	  -1.0000000000000000e+00
  -1.4646908530242717e+00	   2.4739221689852369e+00	  -1.0000000000000000e+00
   3.6000000000000001e+00	   9.5000000000000018e-01	  -1.0000000000000000e+00
  -1.0000000000000000e+00	   2.0000000000000004e+00	  -1.0000000000000000e+00
   5.0000000000000000e-01	   2.9000000000000004e+00	  -1.0000000000000000e+00
   3.0000000000000000e+00	   1.5500000000000003e+00	  -1.0000000000000000e+00
  -1.5000000000000000e+00	   2.1500000000000004e+00	  -1.0000000000000000e+00
   3.5000000000000000e+00	   1.9000000000000004e+00	  -1.0000000000000000e+00
   1.2000000000000002e+00	   2.3500000000000005e+00	  -1.0000000000000000e+00
  -7.0000000000000007e-01	   1.4000000000000004e+00	  -1.0000000000000000e+00
  -1.6000000000000001e+00	   2.3500000000000005e+00	  -1.0000000000000000e+00
  -2.0000000000000000e+00	   1.3000000000000003e+00	  -1.0000000000000000e+00
  -2.0000000000000001e-01	   2.8500000000000005e+00	  -1.0000000000000000e+00
   1.0000000000000000e+00	   7.0000000000000018e-01	  -1.0000000000000000e+00
  -2.5000000000000000e+00	   2.1000000000000005e+00	  -1.0000000000000000e+00
  -1.8000000000000000e+00	   2.6500000000000004e+00	  -1.0000000000000000e+00
   1.2000000000000002e+00	   1.3000000000000003e+00	  -1.0000000000000000e+00
  -2.1000000000000001e+00	   2.8500000000000005e+00	  -1.0000000000000000e+00
  -2.5000000000000000e+00	   4.0000000000000008e-01	  -1.0000000000000000e+00
   4.1000000000000005e+00	   1.6000000000000003e+00	  -1.0000000000000000e+00
   3.5000000000000000e+00	   8.5000000000000020e-01	  -1.0000000000000000e+00
   8.0000000000000004e-01	   2.6500000000000004e+00	  -1.0000000000000000e+00
  -1.5000000000000000e+00	   1.5500000000000003e+00	  -1.0000000000000000e+00
  -7.0000000000000007e-01	   2.9000000000000004e+00	  -1.0000000000000000e+00
  -1.0000000000000000e+00	   1.1000000000000003e+00	  -1.0000000000000000e+00
   3.4000000000000004e+00	   1.3500000000000003e+00	  -1.0000000000000000e+00
  -1.2000000000000002e+00	   7.5000000000000011e-01	  -1.0000000000000000e+00
   1.4000000000000001e+00	   1.1500000000000001e+00	  -1.0000000000000000e+00
   3.8000000000000003e+00	   5.5000000000000016e-01	  -1.0000000000000000e+00
   4.2000000000000002e+00	   2.7000000000000006e+00	  -1.0000000000000000e+00
   1.5000000000000000e+00	   2.6500000000000004e+00	  -1.0000000000000000e+00
  -1.6000000000000001e+00	   2.5000000000000004e+00	  -1.0000000000000000e+00
  -2.6000000000000001e+00	   9.5000000000000018e-01	  -1.0000000000000000e+00
  -2.6000000000000001e+00	   2.8500000000000005e+00	  -1.0000000000000000e+00
  -1.6000000000000001e+00	   2.1500000000000004e+00	  -1.0000000000000000e+00
  -2.0000000000000000e+00	   1.6500000000000004e+00	  -1.0000000000000000e+00
  -4.0000000000000002e-01	   2.2000000000000006e+00	  -1.0000000000000000e+00
   1.0000000000000000e+00	   2.3500000000000005e+00	  -1.0000000000000000e+00
   9.0000000000000002e-01	   1.2000000000000002e+00	  -1.0000000000000000e+00
   3.6000000000000001e+00	   2.8500000000000005e+00	  -1.0000000000000000e+00
  -2.0000000000000000e+00	   6.0000000000000009e-01	  -1.0000000000000000e+00
  -1.6000000000000001e+00	   2.5500000000000007e+00	  -1.0000000000000000e+00
   3.8000000000000003e+00	   4.0000000000000008e-01	  -1.0000000000000000e+00
  -7.0000000000000007e-01	   2.4000000000000004e+00	  -1.0000000000000000e+00
   8.0000000000000004e-01	   9.5000000000000018e-01	  -1.0000000000000000e+00
  -1.0000000000000000e+00	   2.9000000000000004e+00	  -1.0000000000000000e+00
   1.5000000000000000e+00	   1.7500000000000004e+00	  -1.0000000000000000e+00
   3.7000000000000002e+00	   2.7000000000000006e+00	  -1.0000000000000000e+00
  -1.3000000000000000e+00	   2.6500000000000004e+00	  -1.0000000000000000e+00
  -1.2000000000000002e+00	   2.3000000000000003e+00	  -1.0000000000000000e+00
   1.3857715635814210e+00	   1.2012217036258361e+00	  -1.0000000000000000e+00
  -1.5000000000000000e+00	   3.5000000000000009e-01	  -1.0000000000000000e+00
  -2.0000000000000001e-01	   1.5000000000000002e+00	  -1.0000000000000000e+00
   4.0000000000000000e+00	   0.0000000000000000e+00	  -1.0000000000000000e+00
   4.2000000000000002e+00	  -2.5000000000000006e-01	  -1.0000000000000000e+00
   4.0000000000000002e-01	   1.5500000000000003e+00	  -1.0000000000000000e+00
  -1.9000000000000001e+00	   2.4000000000000004e+00	  -1.0000000000000000e+00
  -8.0000000000000004e-01	   1.6000000000000003e+00	  -1.0000000000000000e+00
  -7.0000000000000007e-01	   2.0500000000000003e+00	  -1.0000000000000000e+00
  -4.0000000000000002e-01	   1.8000000000000003e+00	  -1.0000000000000000e+00
  -1.1000000000000001e+00	   2.4500000000000006e+00	  -1.0000000000000000e+00
  -2.1000000000000001e+00	   4.5000000000000007e-01	  -1.0000000000000000e+00
   1.8000000000000000e+00	   1.0500000000000003e+00	  -1.0000000000000000e+00
  -1.4000000000000001e+00	   1.8000000000000003e+00	  -1.0000000000000000e+00
   6.0000000000000009e-01	   2.9000000000000004e+00	  -1.0000000000000000e+00
   4.1000000000000005e+00	   0.0000000000000000e+00	  -1.0000000000000000e+00
   1.6000000000000001e+00	   1.8000000000000003e+00	  -1.0000000000000000e+00
  -5.0000000000000000e-01	   2.8500000000000005e+00	  -1.0000000000000000e+00
   8.0000000000000004e-01	   1.8500000000000003e+00	  -1.0000000000000000e+00
  -2.6000000000000001e+00	   2.6000000000000005e+00	  -1.0000000000000000e+00
   3.0000000000000004e-01	   2.4500000000000006e+00	  -1.0000000000000000e+00
  -1.1365390739500567e+00	   2.0526862027216604e+00	  -1.0000000000000000e+00
   1.5000000000000000e+00	   2.1000000000000005e+00	  -1.0000000000000000e+00
  -1.4000000000000001e+00	   2.0500000000000003e+00	  -1.0000000000000000e+00
   3.2000000000000002e+00	   2.7500000000000004e+00	  -1.0000000000000000e+00
  -1.3000000000000000e+00	   1.6500000000000004e+00	  -1.0000000000000000e+00
   4.0000000000000002e-01	   1.3000000000000003e+00	  -1.0000000000000000e+00
  -1.6000000000000001e+00	   2.2500000000000004e+00	  -1.0000000000000000e+00
  -1.7000000000000002e+00	   1.3000000000000003e+00	  -1.0000000000000000e+00
  -1.4000000000000001e+00	   1.5500000000000003e+00	  -1.0000000000000000e+00
   3.9000000000000004e+00	   1.2500000000000002e+00	  -1.0000000000000000e+00
   1.7000000000000002e+00	   1.4500000000000002e+00	  -1.0000000000000000e+00
   8.0000000000000004e-01	   2.7500000000000004e+00	  -1.0000000000000000e+00
   3.6000000000000001e+00	   2.3500000000000005e+00	  -1.0000000000000000e+00
   1.5000000000000000e+00	   2.8000000000000007e+00	  -1.0000000000000000e+00
   6.0000000000000009e-01	   1.6000000000000003e+00	  -1.0000000000000000e+00
   4.2000000000000002e+00	  -1.0000000000000002e-01	  -1.0000000000000000e+00
   1.3000000000000000e+00	   5.0000000000000011e-01	  -1.0000000000000000e+00
   3.6000000000000001e+00	   2.9000000000000004e+00	  -1.0000000000000000e+00
  -1.6000000000000001e+00	   6.0000000000000009e-01	  -1.0000000000000000e+00
   7.0000000000000007e-01	   1.0000000000000002e+00	  -1.0000000000000000e+00
  -1.4000000000000001e+00	   2.0000000000000004e-01	  -1.0000000000000000e+00
   4.0000000000000002e-01	   2.6000000000000005e+00	  -1.0000000000000000e+00
  -3.0000000000000004e-01	   1.4500000000000002e+00	  -1.0000000000000000e+00
   1.0000000000000000e+00	   2.1000000000000005e+00	  -1.0000000000000000e+00
   1.1000000000000001e+00	   9.5000000000000018e-01	  -1.0000000000000000e+00
   1.3000000000000000e+00	   5.0000000000000010e-02	  -1.0000000000000000e+00
  -1.4000000000000001e+00	   5.0000000000000010e-02	  -1.0000000000000000e+00
   1.2000000000000002e+00	   1.6000000000000003e+00	  -1.0000000000000000e+00
   0.0000000000000000e+00	   2.3500000000000005e+00	  -1.0000000000000000e+00
  -2.0000000000000000e+00	   1.8000000000000003e+00	  -1.0000000000000000e+00
  -9.0000000000000002e-01	   2.5000000000000006e-01	  -1.0000000000000000e+00
   1.5000000000000000e+00	   2.0000000000000004e-01	  -1.0000000000000000e+00
  -7.0000000000000007e-01	   1.5500000000000003e+00	  -1.0000000000000000e+00
   0.0000000000000000e+00	   2.6000000000000005e+00	  -1.0000000000000000e+00
   6.0000000000000009e-01	   2.4000000000000004e+00	  -1.0000000000000000e+00
   8.0000000000000004e-01	   2.9000000000000004e+00	  -1.0000000000000000e+00
   3.7000000000000002e+00	   1.2000000000000002e+00	  -1.0000000000000000e+00
   3.3000000000000003e+00	   2.8500000000000005e+00	  -1.0000000000000000e+00
   4.1000000000000005e+00	   2.1000000000000005e+00	  -1.0000000000000000e+00
  -1.0000000000000001e-01	   1.7500000000000004e+00	  -1.0000000000000000e+00
  -1.4000000000000001e+00	   8.5000000000000020e-01	  -1.0000000000000000e+00
   4.0000000000000000e+00	   4.5000000000000007e-01	  -1.0000000000000000e+00
  -1.3000000000000000e+00	   1.1000000000000003e+00	  -1.0000000000000000e+00
   3.7000000000000002e+00	   1.7500000000000004e+00	  -1.0000000000000000e+00
  -1.0000000000000000e+00	   1.2500000000000002e+00	  -1.0000000000000000e+00
  -1.5000000000000000e+00	   9.5000000000000018e-01	  -1.0000000000000000e+00
  -2.0000000000000000e+00	   2.8500000000000005e+00	  -1.0000000000000000e+00
  -1.4000000000000001e+00	   2.1500000000000004e+00	  -1.0000000000000000e+00
  -2.0000000000000000e+00	   2.3000000000000003e+00	  -1.0000000000000000e+00
  -1.3000000000000000e+00	   2.9000000000000004e+00	  -1.0000000000000000e+00
  -1.5000000000000000e+00	   2.5500000000000007e+00	  -1.0000000000000000e+00
  -1.4000000000000001e+00	   2.6500000000000004e+00	  -1.0000000000000000e+00
   3.6000000000000001e+00	   1.2500000000000002e+00	  -1.0000000000000000e+00
  -1.0000000000000001e-01	   6.5000000000000013e-01	  -1.0000000000000000e+00
   3.5000000000000000e+00	   1.3500000000000003e+00	  -1.0000000000000000e+00
  -3.0000000000000004e-01	   5.5000000000000016e-01	  -1.0000000000000000e+00
  -2.5000000000000000e+00	   2.6000000000000005e+00	  -1.0000000000000000e+00
   1.5000000000000000e+00	   4.0000000000000008e-01	  -1.0000000000000000e+00
  -1.3000000000000000e+00	   7.5000000000000011e-01	  -1.0000000000000000e+00
  -2.3000000000000003e+00	   1.9500000000000004e+00	  -1.0000000000000000e+00
  -9.0000000000000002e-01	   1.1500000000000001e+00	  -1.0000000000000000e+00
   3.0000000000000004e-01	   2.1500000000000004e+00	  -1.0000000000000000e+00
  -1.9000000000000001e+00	   1.2500000000000002e+00	  -1.0000000000000000e+00
   3.1000000000000001e+00	   2.6000000000000005e+00	  -1.0000000000000000e+00
  -2.6000000000000001e+00	   5.0000000000000011e-01	  -1.0000000000000000e+00
  -1.1000000000000001e+00	   7.0000000000000018e-01	  -1.0000000000000000e+00
   0.0000000000000000e+00	   2.2500000000000004e+00	  -1.0000000000000000e+00
  -2.1000000000000001e+00	   1.4000000000000004e+00	  -1.0000000000000000e+00
  -1.7000000000000002e+00	   2.6500000000000004e+00	  -1.0000000000000000e+00
  -1.0000000000000001e-01	   2.5500000000000007e+00	  -1.0000000000000000e+00
   1.3000000000000000e+00	   2.0500000000000003e+00	  -1.0000000000000000e+00
   3.6000000000000001e+00	   2.7000000000000006e+00	  -1.0000000000000000e+00
  -2.0000000000000001e-01	   2.2500000000000004e+00	  -1.0000000000000000e+00
  -2.3000000000000003e+00	   2.4500000000000006e+00	  -1.0000000000000000e+00
   4.1000000000000005e+00	   1.0000000000000002e+00	  -1.0000000000000000e+00
   1.2000000000000002e+00	   2.8500000000000005e+00	  -1.0000000000000000e+00
  -1.0000000000000001e-01	   2.0500000000000003e+00	  -1.0000000000000000e+00
  -1.0000000000000001e-01	   1.8500000000000003e+00	  -1.0000000000000000e+00
  -2.3000000000000003e+00	   1.9000000000000004e+00	  -1.0000000000000000e+00
  -1.0000000000000001e-01	   8.0000000000000016e-01	  -1.0000000000000000e+00
   3.5000000000000000e+00	   1.7500000000000004e+00	  -1.0000000000000000e+00
   3.0000000000000004e-01	   1.3500000000000003e+00	  -1.0000000000000000e+00
   4.0000000000000000e+00	   1.5500000000000003e+00	  -1.0000000000000000e+00
  -9.0000000000000002e-01	   9.0000000000000013e-01	  -1.0000000000000000e+00
  -2.1000000000000001e+00	  -5.0000000000000010e-02	  -1.0000000000000000e+00
  -1.4000000000000001e+00	   1.2000000000000002e+00	  -1.0000000000000000e+00
  -1.8000000000000000e+00	   6.0000000000000009e-01	  -1.0000000000000000e+00
  -2.6000000000000001e+00	   2.2000000000000006e+00	  -1.0000000000000000e+00
   3.0000000000000000e+00	   2.2500000000000004e+00	  -1.0000000000000000e+00
  -2.2000000000000002e+00	   2.1500000000000004e+00	  -1.0000000000000000e+00
   2.0000000000000000e+00	   3.0000000000000004e-01	  -1.0000000000000000e+00
  -1.9000000000000001e+00	   2.8500000000000005e+00	  -1.0000000000000000e+00
   1.8000000000000000e+00	   2.8500000000000005e+00	  -1.0000000000000000e+00
  -9.0000000000000002e-01	   5.0000000000000011e-01	  -1.0000000000000000e+00
   1.4424425536598657e+00	   1.5454766925251575e+00	  -1.0000000000000000e+00
   1.0000000000000000e+00	   2.0000000000000004e+00	  -1.0000000000000000e+00
   1.8000000000000000e+00	   7.5000000000000011e-01	  -1.0000000000000000e+00
  -1.9000000000000001e+00	   2.0500000000000003e+00	  -1.0000000000000000e+00
   3.7000000000000002e+00	   9.5000000000000018e-01	  -1.0000000000000000e+00
   1.0000000000000001e-01	   1.9500000000000004e+00	  -1.0000000000000000e+00
   1.7000000000000002e+00	   1.1000000000000003e+00	  -1.0000000000000000e+00
   7.0000000000000007e-01	   2.6000000000000005e+00	  -1.0000000000000000e+00
  -7.0000000000000007e-01	   2.1000000000000005e+00	  -1.0000000000000000e+00
   3.4000000000000004e+00	   2.6500000000000004e+00	  -1.0000000000000000e+00
   3.6000000000000001e+00	   1.5000000000000002e+00	  -1.0000000000000000e+00
  -1.3000000000000000e+00	   1.3500000000000003e+00	  -1.0000000000000000e+00
   1.0000000000000001e-01	   1.0000000000000002e+00	  -1.0000000000000000e+00
   3.3000000000000003e+00	   2.1000000000000005e+00	  -1.0000000000000000e+00
   3.5606129832319744e+00	   1.3989888416021112e+00	  -1.0000000000000000e+00
   1.3000000000000000e+00	   2.6500000000000004e+00	  -1.0000000000000000e+00
   3.8000000000000003e+00	   1.3000000000000003e+00	  -1.0000000000000000e+00
  -1.0000000000000000e+00	   8.5000000000000020e-01	  -1.0000000000000000e+00
  -7.0000000000000007e-01	   1.1000000000000003e+00	  -1.0000000000000000e+00
   1.6000000000000001e+00	   2.9000000000000004e+00	  -1.0000000000000000e+00
  -1.5000000000000000e+00	  -6.0000000000000009e-01	   1.0000000000000000e+00
  -1.3000000000000000e+00	  -1.9500000000000004e+00	   1.0000000000000000e+00
  -1.6000000000000001e+00	  -1.3000000000000003e+00	   1.0000000000000000e+00
   2.2000000000000002e+00	   1.0500000000000003e+00	   1.0000000000000000e+00
   2.9000000000000004e+00	  -1.1500000000000001e+00	   1.0000000000000000e+00
   2.9000000000000004e+00	   5.5000000000000016e-01	   1.0000000000000000e+00
   3.5000000000000000e+00	  -2.0000000000000004e+00	   1.0000000000000000e+00
   5.0000000000000000e-01	  -1.7500000000000004e+00	   1.0000000000000000e+00
  -1.0000000000000001e-01	  -1.4500000000000002e+00	   1.0000000000000000e+00
  -1.0000000000000000e+00	  -1.8500000000000003e+00	   1.0000000000000000e+00
   2.6000000000000001e+00	  -1.6000000000000003e+00	   1.0000000000000000e+00
   1.8000000000000000e+00	   2.4500000000000006e+00	   1.0000000000000000e+00
   2.0000000000000000e+00	  -7.5000000000000011e-01	   1.0000000000000000e+00
   2.9000000000000004e+00	  -1.0000000000000002e+00	   1.0000000000000000e+00
   3.5000000000000000e+00	  -1.4500000000000002e+00	   1.0000000000000000e+00
   2.6000000000000001e+00	   9.5000000000000018e-01	   1.0000000000000000e+00
   2.3000000000000003e+00	   1.4500000000000002e+00	   1.0000000000000000e+00
   6.0000000000000009e-01	  -9.0000000000000013e-01	   1.0000000000000000e+00
   2.2000000000000002e+00	  -1.5000000000000002e+00	   1.0000000000000000e+00
   3.3000000000000003e+00	  -9.0000000000000013e-01	   1.0000000000000000e+00
   1.4000000000000001e+00	  -1.1500000000000001e+00	   1.0000000000000000e+00
   1.3000000000000000e+00	  -1.5000000000000002e-01	   1.0000000000000000e+00
  -2.2000000000000002e+00	  -1.2500000000000002e+00	   1.0000000000000000e+00
  -1.3000000000000000e+00	  -1.3500000000000003e+00	   1.0000000000000000e+00
   5.0000000000000000e-01	  -1.1500000000000001e+00	   1.0000000000000000e+00
   2.7000000000000002e+00	  -1.1500000000000001e+00	   1.0000000000000000e+00
   7.0000000000000007e-01	  -1.8000000000000003e+00	   1.0000000000000000e+00
   9.0000000000000002e-01	  -1.9500000000000004e+00	   1.0000000000000000e+00
   2.1000000000000001e+00	  -2.0000000000000004e+00	   1.0000000000000000e+00
   4.2000000000000002e+00	  -1.5000000000000002e+00	   1.0000000000000000e+00
   2.3000000000000003e+00	   1.5500000000000003e+00	   1.0000000000000000e+00
   2.9000000000000004e+00	  -1.4000000000000004e+00	   1.0000000000000000e+00
   2.2000000000000002e+00	  -5.0000000000000010e-02	   1.0000000000000000e+00
   4.0000000000000002e-01	   7.0000000000000018e-01	   1.0000000000000000e+00
  -1.9000000000000001e+00	  -1.4000000000000004e+00	   1.0000000000000000e+00
   1.5000000000000000e+00	  -8.0000000000000016e-01	   1.0000000000000000e+00
   2.3000000000000003e+00	  -8.5000000000000020e-01	   1.0000000000000000e+00
   2.0000000000000001e-01	   2.0000000000000004e-01	   1.0000000000000000e+00
   3.6000000000000001e+00	  -1.1000000000000003e+00	   1.0000000000000000e+00
  -7.0000000000000007e-01	  -1.3500000000000003e+00	   1.0000000000000000e+00
   2.9000000000000004e+00	  -1.5000000000000002e-01	   1.0000000000000000e+00
   3.9000000000000004e+00	  -1.8000000000000003e+00	   1.0000000000000000e+00
  -1.3000000000000000e+00	  -1.5000000000000002e+00	   1.0000000000000000e+00
   3.5000000000000000e+00	  -1.2500000000000002e+00	   1.0000000000000000e+00
  -1.7000000000000002e+00	  -8.0000000000000016e-01	   1.0000000000000000e+00
  -9.0000000000000002e-01	  -1.1000000000000003e+00	   1.0000000000000000e+00
   2.6000000000000001e+00	   3.5000000000000009e-01	   1.0000000000000000e+00
  -1.7000000000000002e+00	  -1.5500000000000003e+00	   1.0000000000000000e+00
   2.4000000000000004e+00	   2.6000000000000005e+00	   1.0000000000000000e+00
   1.9000000000000001e+00	  -5.0000000000000011e-01	   1.0000000000000000e+00
  -2.1000000000000001e+00	  -5.0000000000000011e-01	   1.0000000000000000e+00
   1.9000000000000001e+00	   2.5000000000000004e+00	   1.0000000000000000e+00
   2.4000000000000004e+00	   3.0000000000000004e-01	   1.0000000000000000e+00
   1.0000000000000000e+00	  -5.0000000000000010e-02	   1.0000000000000000e+00
   2.1268685162715801e+00	   1.1541799963968113e+00	   1.0000000000000000e+00
   1.8000000000000000e+00	  -6.0000000000000009e-01	   1.0000000000000000e+00
   1.0000000000000001e-01	  -3.5000000000000009e-01	   1.0000000000000000e+00
   2.4000000000000004e+00	   1.1500000000000001e+00	   1.0000000000000000e+00
   2.3000000000000003e+00	  -5.0000000000000011e-01	   1.0000000000000000e+00
   3.0000000000000004e-01	  -2.5000000000000006e-01	   1.0000000000000000e+00
   2.4000000000000004e+00	  -7.0000000000000018e-01	   1.0000000000000000e+00
  -1.3000000000000000e+00	  -1.3000000000000003e+00	   1.0000000000000000e+00
   2.5000000000000000e+00	   1.4000000000000004e+00	   1.0000000000000000e+00
   5.0000000000000000e-01	   8.0000000000000016e-01	   1.0000000000000000e+00
  -1.4000000000000001e+00	  -1.8500000000000003e+00	   1.0000000000000000e+00
   2.1000000000000001e+00	  -4.0000000000000008e-01	   1.0000000000000000e+00
   2.2000000000000002e+00	   4.0000000000000008e-01	   1.0000000000000000e+00
   3.1000000000000001e+00	  -1.5000000000000002e+00	   1.0000000000000000e+00
  -1.6000000000000001e+00	  -2.5000000000000006e-01	   1.0000000000000000e+00
   5.0000000000000000e-01	  -1.0000000000000002e-01	   1.0000000000000000e+00
   1.5000000000000000e+00	  -1.3000000000000003e+00	   1.0000000000000000e+00
  -3.0000000000000004e-01	  -4.0000000000000008e-01	   1.0000000000000000e+00
  -1.9000000000000001e+00	  -1.9500000000000004e+00	   1.0000000000000000e+00
   1.0000000000000001e-01	  -5.5000000000000016e-01	   1.0000000000000000e+00
  -5.0000000000000000e-01	  -1.5000000000000002e-01	   1.0000000000000000e+00
  -1.0000000000000000e+00	  -1.7000000000000004e+00	   1.0000000000000000e+00
   2.2000000000000002e+00	   8.5000000000000020e-01	   1.0000000000000000e+00
   2.6000000000000001e+00	   2.7500000000000004e+00	   1.0000000000000000e+00
   2.7107635582811738e+00	   8.7664479514911231e-01	   1.0000000000000000e+00
  -1.0000000000000001e-01	  -9.5000000000000018e-01	   1.0000000000000000e+00
   1.5209142898070178e+00	  -7.4285148579649740e-01	   1.0000000000000000e+00
   1.8000000000000000e+00	   5.0000000000000010e-02	   1.0000000000000000e+00
  -1.9000000000000001e+00	  -1.5500000000000003e+00	   1.0000000000000000e+00
   2.5000000000000000e+00	  -5.5000000000000016e-01	   1.0000000000000000e+00
   3.2000000000000002e+00	   5.5000000000000016e-01	   1.0000000000000000e+00
   4.1000000000000005e+00	  -1.8500000000000003e+00	   1.0000000000000000e+00
   2.2000000000000002e+00	   2.5000000000000006e-01	   1.0000000000000000e+00
  -2.2000000000000002e+00	  -4.5000000000000007e-01	   1.0000000000000000e+00
   1.6000000000000001e+00	  -6.0000000000000009e-01	   1.0000000000000000e+00
   1.4000000000000001e+00	  -6.5000000000000013e-01	   1.0000000000000000e+00
   2.2000000000000002e+00	  -1.5500000000000003e+00	   1.0000000000000000e+00
   4.0000000000000000e+00	  -1.0500000000000003e+00	   1.0000000000000000e+00
  -1.3000000000000000e+00	  -1.1500000000000001e+00	   1.0000000000000000e+00
   1.2000000000000002e+00	  -1.5000000000000002e+00	   1.0000000000000000e+00
  -2.0000000000000000e+00	  -3.0000000000000004e-01	   1.0000000000000000e+00
   8.0000000000000004e-01	  -1.0500000000000003e+00	   1.0000000000000000e+00
  -2.1000000000000001e+00	  -1.9000000000000004e+00	   1.0000000000000000e+00
  -1.7000000000000002e+00	  -1.7000000000000004e+00	   1.0000000000000000e+00
  -1.2000000000000002e+00	  -1.7000000000000004e+00	   1.0000000000000000e+00
   4.1000000000000005e+00	  -1.9000000000000004e+00	   1.0000000000000000e+00
  -4.0000000000000002e-01	  -4.0000000000000008e-01	   1.0000000000000000e+00
  -5.0000000000000000e-01	  -8.0000000000000016e-01	   1.0000000000000000e+00
   1.9000000000000001e+00	   2.7500000000000004e+00	   1.0000000000000000e+00
  -6.0000000000000009e-01	  -9.5000000000000018e-01	   1.0000000000000000e+00
  -9.0000000000000002e-01	  -1.6000000000000003e+00	   1.0000000000000000e+00
   1.2000000000000002e+00	  -1.9500000000000004e+00	   1.0000000000000000e+00
   2.7000000000000002e+00	  -5.0000000000000011e-01	   1.0000000000000000e+00
   2.5000000000000000e+00	   3.0000000000000004e-01	   1.0000000000000000e+00
   3.7000000000000002e+00	  -1.6000000000000003e+00	   1.0000000000000000e+00
   5.0000000000000000e-01	  -1.1000000000000003e+00	   1.0000000000000000e+00
   2.2000000000000002e+00	  -1.3500000000000003e+00	   1.0000000000000000e+00
  -2.2000000000000002e+00	  -1.8500000000000003e+00	   1.0000000000000000e+00
   1.5000000000000000e+00	  -4.0000000000000008e-01	   1.0000000000000000e+00
  -2.6000000000000001e+00	  -2.0000000000000004e+00	   1.0000000000000000e+00
   1.0000000000000000e+00	  -1.2000000000000002e+00	   1.0000000000000000e+00
  -2.0000000000000000e+00	  -7.0000000000000018e-01	   1.0000000000000000e+00
   3.7000000000000002e+00	  -6.5000000000000013e-01	   1.0000000000000000e+00
   2.9000000000000004e+00	   1.9500000000000004e+00	   1.0000000000000000e+00
   2.8000000000000003e+00	  -6.0000000000000009e-01	   1.0000000000000000e+00
  -2.6000000000000001e+00	  -1.1000000000000003e+00	   1.0000000000000000e+00
  -6.0000000000000009e-01	  -8.5000000000000020e-01	   1.0000000000000000e+00
   2.9000000000000004e+00	   6.0000000000000009e-01	   1.0000000000000000e+00
  -4.0000000000000002e-01	   1.0000000000000002e-01	   1.0000000000000000e+00
  -1.8000000000000000e+00	  -1.4000000000000004e+00	   1.0000000000000000e+00
  -2.6000000000000001e+00	  -9.5000000000000018e-01	   1.0000000000000000e+00
   2.6000000000000001e+00	  -6.0000000000000009e-01	   1.0000000000000000e+00
   2.1000000000000001e+00	   2.7500000000000004e+00	   1.0000000000000000e+00
   2.1000000000000001e+00	  -1.1000000000000003e+00	   1.0000000000000000e+00
  -8.0000000000000004e-01	   1.5000000000000002e-01	   1.0000000000000000e+00
   2.4872840099202165e-01	   8.5551987910384453e-01	   1.0000000000000000e+00
   2.8000000000000003e+00	   1.2000000000000002e+00	   1.0000000000000000e+00
   2.5000000000000000e+00	   2.1000000000000005e+00	   1.0000000000000000e+00
   2.5000000000000000e+00	  -8.0000000000000016e-01	   1.0000000000000000e+00
   2.6000000000000001e+00	  -6.5000000000000013e-01	   1.0000000000000000e+00
  -6.0000000000000009e-01	  -2.5000000000000006e-01	   1.0000000000000000e+00
   2.7000000000000002e+00	  -1.3000000000000003e+00	   1.0000000000000000e+00
   2.1251047903587317e+00	  -7.6184714397138620e-01	   1.0000000000000000e+00
  -1.4000000000000001e+00	  -1.0000000000000002e-01	   1.0000000000000000e+00
   2.8000000000000003e+00	   2.7000000000000006e+00	   1.0000000000000000e+00
   2.6000000000000001e+00	  -3.0000000000000004e-01	   1.0000000000000000e+00
   1.1494807082978171e+00	  -9.1979028616656544e-01	   1.0000000000000000e+00
   9.0000000000000002e-01	   4.5000000000000007e-01	   1.0000000000000000e+00
   2.2852649798474980e+00	   1.0089930392447148e+00	   1.0000000000000000e+00
   2.0000000000000000e+00	   1.2500000000000002e+00	   1.0000000000000000e+00
   3.0000000000000000e+00	  -1.4000000000000004e+00	   1.0000000000000000e+00
   1.9000000000000001e+00	  -1.1000000000000003e+00	   1.0000000000000000e+00
   1.1000000000000001e+00	  -6.5000000000000013e-01	   1.0000000000000000e+00
   1.5000000000000000e+00	  -1.1000000000000003e+00	   1.0000000000000000e+00
   4.0000000000000002e-01	  -5.0000000000000011e-01	   1.0000000000000000e+00
   2.6000000000000001e+00	   8.0000000000000016e-01	   1.0000000000000000e+00
   3.7000000000000002e+00	  -1.1500000000000001e+00	   1.0000000000000000e+00
  -6.0000000000000009e-01	  -8.0000000000000016e-01	   1.0000000000000000e+00
   1.3000000000000000e+00	  -5.0000000000000011e-01	   1.0000000000000000e+00
   3.5000000000000000e+00	  -1.7000000000000004e+00	   1.0000000000000000e+00
   7.0000000000000007e-01	  -1.5000000000000002e+00	   1.0000000000000000e+00
   1.7000000000000002e+00	  -2.5000000000000006e-01	   1.0000000000000000e+00
  -1.8000000000000000e+00	  -8.0000000000000016e-01	   1.0000000000000000e+00
   1.1000000000000001e+00	  -1.7000000000000004e+00	   1.0000000000000000e+00
  -1.5000000000000000e+00	  -1.3000000000000003e+00	   1.0000000000000000e+00
   3.2000000000000002e+00	   1.5000000000000002e-01	   1.0000000000000000e+00
   5.0000000000000000e-01	  -1.5500000000000003e+00	   1.0000000000000000e+00
   3.1000000000000001e+00	  -1.4500000000000002e+00	   1.0000000000000000e+00
   3.4000000000000004e+00	  -1.8500000000000003e+00	   1.0000000000000000e+00
   2.0000000000000000e+00	   1.7000000000000004e+00	   1.0000000000000000e+00
   2.5000000000000000e+00	  -1.8000000000000003e+00	   1.0000000000000000e+00
  -1.0000000000000000e+00	  -1.6500000000000004e+00	   1.0000000000000000e+00
   2.7000000000000002e+00	  -1.4000000000000004e+00	   1.0000000000000000e+00
  -1.7000000000000002e+00	  -6.5000000000000013e-01	   1.0000000000000000e+00
   4.0000000000000002e-01	  -9.0000000000000013e-01	   1.0000000000000000e+00
   3.1000000000000001e+00	  -1.0000000000000002e+00	   1.0000000000000000e+00
   8.0000000000000004e-01	  -4.0000000000000008e-01	   1.0000000000000000e+00
  -1.7000000000000002e+00	  -1.0000000000000002e-01	   1.0000000000000000e+00
  -2.3000000000000003e+00	  -6.0000000000000009e-01	   1.0000000000000000e+00
   4.1000000000000005e+00	  -8.5000000000000020e-01	   1.0000000000000000e+00
  -6.0000000000000009e-01	  -1.5000000000000002e+00	   1.0000000000000000e+00
  -5.0000000000000000e-01	  -1.5000000000000002e+00	   1.0000000000000000e+00
   1.9000000000000001e+00	   1.2500000000000002e+00	   1.0000000000000000e+00
   3.4000000000000004e+00	  -5.0000000000000011e-01	   1.0000000000000000e+00
   2.7000000000000002e+00	  -6.0000000000000009e-01	   1.0000000000000000e+00
   1.3000000000000000e+00	  -1.5500000000000003e+00	   1.0000000000000000e+00
   8.0000000000000004e-01	  -6.5000000000000013e-01	   1.0000000000000000e+00
   1.1000000000000001e+00	  -5.0000000000000011e-01	   1.0000000000000000e+00
   2.0000000000000000e+00	   1.2000000000000002e+00	   1.0000000000000000e+00
   3.4000000000000004e+00	  -2.0000000000000004e-01	   1.0000000000000000e+00
   2.7000000000000002e+00	   1.2000000000000002e+00	   1.0000000000000000e+00
  -4.0000000000000002e-01	  -6.0000000000000009e-01	   1.0000000000000000e+00
   2.0000000000000000e+00	  -2.5000000000000006e-01	   1.0000000000000000e+00
   7.0000000000000007e-01	  -8.5000000000000020e-01	   1.0000000000000000e+00
  -4.0000000000000002e-01	  -1.5500000000000003e+00	   1.0000000000000000e+00
  -1.3000000000000000e+00	  -1.0000000000000002e+00	   1.0000000000000000e+00
   1.7000000000000002e+00	   1.7500000000000004e+00	   1.0000000000000000e+00
   6.0000000000000009e-01	   1.5000000000000002e-01	   1.0000000000000000e+00
   2.8000000000000003e+00	   2.8500000000000005e+00	   1.0000000000000000e+00
   1.4000000000000001e+00	  -2.0000000000000004e+00	   1.0000000000000000e+00
  -1.7000000000000002e+00	  -1.1000000000000003e+00	   1.0000000000000000e+00
  -1.5000000000000000e+00	  -1.4000000000000004e+00	   1.0000000000000000e+00
   1.0531887837775886e+00	  -9.0356559382573964e-01	   1.0000000000000000e+00
   7.0000000000000007e-01	  -1.6000000000000003e+00	   1.0000000000000000e+00
   0.0000000000000000e+00	   4.0000000000000008e-01	   1.0000000000000000e+00
   1.4000000000000001e+00	  -4.5000000000000007e-01	   1.0000000000000000e+00
   2.0000000000000000e+00	  -1.4500000000000002e+00	   1.0000000000000000e+00
   1.8000000000000000e+00	  -1.8500000000000003e+00	   1.0000000000000000e+00
   3.5000000000000000e+00	  -2.0000000000000004e-01	   1.0000000000000000e+00
   2.4000000000000004e+00	   9.5000000000000018e-01	   1.0000000000000000e+00
  -2.0000000000000000e+00	  -1.7000000000000004e+00	   1.0000000000000000e+00
   3.0000000000000000e+00	  -5.5000000000000016e-01	   1.0000000000000000e+00
   1.7000000000000002e+00	   2.1000000000000005e+00	   1.0000000000000000e+00
   2.3000000000000003e+00	   9.5000000000000018e-01	   1.0000000000000000e+00
   2.9000000000000004e+00	  -1.7000000000000004e+00	   1.0000000000000000e+00
   3.3000000000000003e+00	  -1.9000000000000004e+00	   1.0000000000000000e+00
   2.2000000000000002e+00	  -1.7500000000000004e+00	   1.0000000000000000e+00
  -1.8000000000000000e+00	  -1.9500000000000004e+00	   1.0000000000000000e+00
   2.1000000000000001e+00	  -1.4500000000000002e+00	   1.0000000000000000e+00
   2.7000000000000002e+00	  -3.5000000000000009e-01	   1.0000000000000000e+00
   2.1000000000000001e+00	   8.5000000000000020e-01	   1.0000000000000000e+00
   1.0000000000000000e+00	   1.0000000000000002e-01	   1.0000000000000000e+00
  -1.7000000000000002e+00	  -1.2500000000000002e+00	   1.0000000000000000e+00
  -1.9000000000000001e+00	  -3.0000000000000004e-01	   1.0000000000000000e+00
   2.0000000000000000e+00	   2.0000000000000004e+00	   1.0000000000000000e+00
   2.3000000000000003e+00	  -1.3000000000000003e+00	   1.0000000000000000e+00
   2.6000000000000001e+00	  -5.0000000000000011e-01	   1.0000000000000000e+00
   1.9000000000000001e+00	   1.1500000000000001e+00	   1.0000000000000000e+00
   2.5000000000000000e+00	   1.1000000000000003e+00	   1.0000000000000000e+00
   2.5768434261463331e+00	  -1.4356821323602216e+00	   1.0000000000000000e+00
   2.9000000000000004e+00	   1.3500000000000003e+00	   1.0000000000000000e+00
  -1.3000000000000000e+00	  -1.0500000000000003e+00	   1.0000000000000000e+00
   3.5000000000000000e+00	  -1.0000000000000002e+00	   1.0000000000000000e+00
   2.4000000000000004e+00	  -6.5000000000000013e-01	   1.0000000000000000e+00
  -2.4000000000000004e+00	  -1.8000000000000003e+00	   1.0000000000000000e+00
   1.9000000000000001e+00	   2.2000000000000006e+00	   1.0000000000000000e+00
   1.7000000000000002e+00	  -7.0000000000000018e-01	   1.0000000000000000e+00
   2.2000000000000002e+00	   7.0000000000000018e-01	   1.0000000000000000e+00
   3.9000000000000004e+00	  -8.0000000000000016e-01	   1.0000000000000000e+00
  -2.5000000000000000e+00	  -6.0000000000000009e-01	   1.0000000000000000e+00
   1.5000000000000000e+00	  -9.5000000000000018e-01	   1.0000000000000000e+00
   3.4000000000000004e+00	  -2.5000000000000006e-01	   1.0000000000000000e+00
   3.1000000000000001e+00	  -1.6500000000000004e+00	   1.0000000000000000e+00
   3.3000000000000003e+00	  -4.5000000000000007e-01	   1.0000000000000000e+00
   3.9000000000000004e+00	  -1.1000000000000003e+00	   1.0000000000000000e+00
   2.6000000000000001e+00	   1.4500000000000002e+00	   1.0000000000000000e+00
   2.0000000000000001e-01	   3.0000000000000004e-01	   1.0000000000000000e+00
  -2.2000000000000002e+00	  -1.3000000000000003e+00	   1.0000000000000000e+00
   3.6695447197692910e-01	   3.1462098785425219e-02	   1.0000000000000000e+00
   4.0000000000000002e-01	  -1.5000000000000002e+00	   1.0000000000000000e+00
  -9.0000000000000002e-01	  -7.0000000000000018e-01	   1.0000000000000000e+00
  -1.4000000000000001e+00	  -2.0000000000000004e+00	   1.0000000000000000e+00
   1.1000000000000001e+00	  -1.2000000000000002e+00	   1.0000000000000000e+00
  -1.8000000000000000e+00	  -1.0500000000000003e+00	   1.0000000000000000e+00
   9.5383347922207173e-01	   3.2603429374831250e-01	   1.0000000000000000e+00
   2.0000000000000000e+00	   1.7500000000000004e+00	   1.0000000000000000e+00
   2.1965449345628172e+00	  -1.0230140577523219e+00	   1.0000000000000000e+00
  -1.1000000000000001e+00	  -1.7500000000000004e+00	   1.0000000000000000e+00
   2.3000000000000003e+00	   5.0000000000000010e-02	   1.0000000000000000e+00
   2.4000000000000004e+00	   4.5000000000000007e-01	   1.0000000000000000e+00
  -8.0000000000000004e-01	   0.0000000000000000e+00	   1.0000000000000000e+00
   3.0000000000000004e-01	  -1.1000000000000003e+00	   1.0000000000000000e+00
   2.8000000000000003e+00	  -1.3000000000000003e+00	   1.0000000000000000e+00
   6.0000000000000009e-01	  -1.0000000000000002e-01	   1.0000000000000000e+00
   2.6000000000000001e+00	  -1.5000000000000002e-01	   1.0000000000000000e+00
   0.0000000000000000e+00	   3.0000000000000004e-01	   1.0000000000000000e+00
  -8.0000000000000004e-01	  -1.3500000000000003e+00	   1.0000000000000000e+00
   3.9000000000000004e+00	  -1.2500000000000002e+00	   1.0000000000000000e+00
   2.5000000000000000e+00	  -1.0000000000000002e-01	   1.0000000000000000e+00
   2.5000000000000000e+00	   7.0000000000000018e-01	   1.0000000000000000e+00
   3.9000000000000004e+00	  -1.5500000000000003e+00	   1.0000000000000000e+00
  -1.6000000000000001e+00	  -8.0000000000000016e-01	   1.0000000000000000e+00
   3.0000000000000004e-01	   7.0000000000000018e-01	   1.0000000000000000e+00
  -2.0000000000000000e+00	  -1.0500000000000003e+00	   1.0000000000000000e+00
   2.9000000000000004e+00	   1.0500000000000003e+00	   1.0000000000000000e+00
   2.4000000000000004e+00	   2.4000000000000004e+00	   1.0000000000000000e+00
   2.0000000000000000e+00	   2.0500000000000003e+00	   1.0000000000000000e+00
   2.4000000000000004e+00	  -5.0000000000000010e-02	   1.0000000000000000e+00
   3.9000000000000004e+00	  -1.8500000000000003e+00	   1.0000000000000000e+00
  -8.0000000000000004e-01	  -1.9000000000000004e+00	   1.0000000000000000e+00
  -5.0000000000000000e-01	  -1.6500000000000004e+00	   1.0000000000000000e+00
   2.5000000000000000e+00	  -8.5000000000000020e-01	   1.0000000000000000e+00
   3.1000000000000001e+00	  -1.7000000000000004e+00	   1.0000000000000000e+00
  -3.0000000000000004e-01	  -1.6500000000000004e+00	   1.0000000000000000e+00
   1.9000000000000001e+00	  -6.0000000000000009e-01	   1.0000000000000000e+00
  -2.0000000000000001e-01	  -1.1000000000000003e+00	   1.0000000000000000e+00
  -2.5000000000000000e+00	  -2.0000000000000004e+00	   1.0000000000000000e+00
   3.7000000000000002e+00	  -1.6500000000000004e+00	   1.0000000000000000e+00
  -2.6000000000000001e+00	  -1.2000000000000002e+00	   1.0000000000000000e+00
   2.7000000000000002e+00	  -1.9500000000000004e+00	   1.0000000000000000e+00
   2.5000000000000000e+00	   2.2000000000000006e+00	   1.0000000000000000e+00
   2.3000000000000003e+00	  -1.4500000000000002e+00	   1.0000000000000000e+00
   3.2000000000000002e+00	   3.5000000000000009e-01	   1.0000000000000000e+00
  -3.0000000000000004e-01	  -1.2500000000000002e+00	   1.0000000000000000e+00
   3.3000000000000003e+00	  -1.6500000000000004e+00	   1.0000000000000000e+00
   2.0000000000000001e-01	   1.5000000000000002e-01	   1.0000000000000000e+00
  -7.0000000000000007e-01	  -4.0000000000000008e-01	   1.0000000000000000e+00
   1.1000000000000001e+00	  -1.6000000000000003e+00	   1.0000000000000000e+00
  -2.3000000000000003e+00	  -2.0000000000000004e+00	   1.0000000000000000e+00
   4.1000000000000005e+00	  -9.5000000000000018e-01	   1.0000000000000000e+00
  -2.6000000000000001e+00	  -1.7000000000000004e+00	   1.0000000000000000e+00
   2.8000000000000003e+00	   2.4500000000000006e+00	   1.0000000000000000e+00
  -2.5000000000000000e+00	  -1.9000000000000004e+00	   1.0000000000000000e+00
   3.7000000000000002e+00	  -7.0000000000000018e-01	   1.0000000000000000e+00
   2.1000000000000001e+00	  -1.0000000000000002e-01	   1.0000000000000000e+00
   2.8000000000000003e+00	  -8.0000000000000016e-01	   1.0000000000000000e+00
   3.9000000000000004e+00	  -8.5000000000000020e-01	   1.0000000000000000e+00
  -2.0000000000000001e-01	  -1.5500000000000003e+00	   1.0000000000000000e+00
  -7.0000000000000007e-01	   1.5000000000000002e-01	   1.0000000000000000e+00
  -3.0000000000000004e-01	  -1.0000000000000002e+00	   1.0000000000000000e+00
   1.0000000000000000e+00	  -6.0000000000000009e-01	   1.0000000000000000e+00
  -1.6000000000000001e+00	  -1.6500000000000004e+00	   1.0000000000000000e+00
  -7.0000000000000007e-01	  -1.0500000000000003e+00	   1.0000000000000000e+00
   3.0000000000000000e+00	  -8.5000000000000020e-01	   1.0000000000000000e+00
  -1.2000000000000002e+00	  -1.4500000000000002e+00	   1.0000000000000000e+00
  -2.1000000000000001e+00	  -1.4500000000000002e+00	   1.0000000000000000e+00
   3.3000000000000003e+00	  -5.0000000000000011e-01	   1.0000000000000000e+00
   2.5000000000000000e+00	  -3.0000000000000004e-01	   1.0000000000000000e+00
   2.7000000000000002e+00	  -4.0000000000000008e-01	   1.0000000000000000e+00
   2.3000000000000003e+00	  -5.5000000000000016e-01	   1.0000000000000000e+00
   2.3000000000000003e+00	  -1.4000000000000004e+00	   1.0000000000000000e+00
  -1.4000000000000001e+00	  -1.5000000000000002e+00	   1.0000000000000000e+00
   1.2000000000000002e+00	  -5.5000000000000016e-01	   1.0000000000000000e+00
   2.1000000000000001e+00	   1.5500000000000003e+00	   1.0000000000000000e+00
   1.0000000000000000e+00	   5.0000000000000010e-02	   1.0000000000000000e+00
   2.0000000000000001e-01	  -8.0000000000000016e-01	   1.0000000000000000e+00
   1.0000000000000000e+00	   2.5000000000000006e-01	   1.0000000000000000e+00
   1.1000000000000001e+00	  -5.0000000000000010e-02	   1.0000000000000000e+00
   2.8000000000000003e+00	   8.0000000000000016e-01	   1.0000000000000000e+00
   5.0000000000000000e-01	  -4.5000000000000007e-01	   1.0000000000000000e+00
   2.3437305938487105e+00	   9.1097847369867080e-01	   1.0000000000000000e+00
   2.4000000000000004e+00	  -1.3500000000000003e+00	   1.0000000000000000e+00
   3.2000000000000002e+00	  -3.0000000000000004e-01	   1.0000000000000000e+00
  -3.0000000000000004e-01	  -7.0000000000000018e-01	   1.0000000000000000e+00
   9.0000000000000002e-01	  -1.2000000000000002e+00	   1.0000000000000000e+00
   1.8000000000000000e+00	   2.3000000000000003e+00	   1.0000000000000000e+00
  -1.0000000000000000e+00	  -1.4000000000000004e+00	   1.0000000000000000e+00
   3.2000000000000002e+00	  -1.4500000000000002e+00	   1.0000000000000000e+00
   1.0000000000000000e+00	  -3.0000000000000004e-01	   1.0000000000000000e+00
   4.2000000000000002e+00	  -1.0000000000000002e+00	   1.0000000000000000e+00
   3.0000000000000004e-01	  -1.7000000000000004e+00	   1.0000000000000000e+00
  -2.0000000000000001e-01	   0.0000000000000000e+00	   1.0000000000000000e+00
  -9.0000000000000002e-01	  -9.0000000000000013e-01	   1.0000000000000000e+00
   8.0000000000000004e-01	   5.0000000000000010e-02	   1.0000000000000000e+00
   2.9000000000000004e+00	  -5.0000000000000011e-01	   1.0000000000000000e+00
   1.0000000000000000e+00	   2.0000000000000004e-01	   1.0000000000000000e+00
  -1.5000000000000000e+00	  -1.5000000000000002e-01	   1.0000000000000000e+00
   2.9000000000000004e+00	  -6.5000000000000013e-01	   1.0000000000000000e+00
   2.5000000000000000e+00	   1.2000000000000002e+00	   1.0000000000000000e+00
   1.9000000000000001e+00	   1.7000000000000004e+00	   1.0000000000000000e+00
   2.7000000000000002e+00	  -8.0000000000000016e-01	   1.0000000000000000e+00
   2.9000000000000004e+00	  -1.5000000000000002e+00	   1.0000000000000000e+00
   2.9000000000000004e+00	   9.0000000000000013e-01	   1.0000000000000000e+00
   2.6000000000000001e+00	  -9.5000000000000018e-01	   1.0000000000000000e+00
  -2.2000000000000002e+00	  -1.7500000000000004e+00	   1.0000000000000000e+00
  -6.0000000000000009e-01	   1.5000000000000002e-01	   1.0000000000000000e+00
   2.9000000000000004e+00	  -1.9000000000000004e+00	   1.0000000000000000e+00
   3.6000000000000001e+00	  -6.0000000000000009e-01	   1.0000000000000000e+00
  -1.3000000000000000e+00	  -1.5000000000000002e-01	   1.0000000000000000e+00
   9.0000000000000002e-01	   1.5000000000000002e-01	   1.0000000000000000e+00
   6.0000000000000009e-01	   7.0000000000000018e-01	   1.0000000000000000e+00
   1.8000000000000000e+00	   2.2000000000000006e+00	   1.0000000000000000e+00
  -2.2000000000000002e+00	  -9.0000000000000013e-01	   1.0000000000000000e+00
   2.7000000000000002e+00	  -1.0500000000000003e+00	   1.0000000000000000e+00
   2.9000000000000004e+00	  -1.1000000000000003e+00	   1.0000000000000000e+00
  -1.1000000000000001e+00	  -1.2000000000000002e+00	   1.0000000000000000e+00
   2.7000000000000002e+00	  -1.2500000000000002e+00	   1.0000000000000000e+00
  -2.3000000000000003e+00	  -3.5000000000000009e-01	   1.0000000000000000e+00
  -1.1000000000000001e+00	  -1.5000000000000002e+00	   1.0000000000000000e+00
   1.3000000000000000e+00	  -1.8000000000000003e+00	   1.0000000000000000e+00
  -6.0000000000000009e-01	  -5.0000000000000010e-02	   1.0000000000000000e+00
   1.1000000000000001e+00	  -1.2500000000000002e+00	   1.0000000000000000e+00
   4.0000000000000002e-01	  -1.4000000000000004e+00	   1.0000000000000000e+00
  -1.0000000000000000e+00	  -4.0000000000000008e-01	   1.0000000000000000e+00
  -1.0000000000000000e+00	  -1.3000000000000003e+00	   1.0000000000000000e+00
   2.4000000000000004e+00	   6.5000000000000013e-01	   1.0000000000000000e+00
  -1.2000000000000002e+00	  -5.0000000000000011e-01	   1.0000000000000000e+00
   2.8000000000000003e+00	  -1.8500000000000003e+00	   1.0000000000000000e+00
  -1.0000000000000001e-01	  -1.0000000000000002e+00	   1.0000000000000000e+00
   4.0000000000000002e-01	  -1.9500000000000004e+00	   1.0000000000000000e+00
   2.6000000000000001e+00	   2.5500000000000007e+00	   1.0000000000000000e+00
  -1.4000000000000001e+00	  -1.3000000000000003e+00	   1.0000000000000000e+00
   6.0000000000000009e-01	  -1.3500000000000003e+00	   1.0000000000000000e+00
   2.9000000000000004e+00	  -4.5000000000000007e-01	   1.0000000000000000e+00
   2.6000000000000001e+00	   1.5500000000000003e+00	   1.0000000000000000e+00
  -6.0000000000000009e-01	  -1.0000000000000002e-01	   1.0000000000000000e+00
   2.9000000000000004e+00	   2.0000000000000004e-01	   1.0000000000000000e+00
  -6.0000000000000009e-01	  -1.6500000000000004e+00	   1.0000000000000000e+00
   5.0000000000000000e-01	   9.0000000000000013e-01	   1.0000000000000000e+00
  -1.6000000000000001e+00	  -1.1000000000000003e+00	   1.0000000000000000e+00
   2.0000000000000000e+00	  -3.0000000000000004e-01	   1.0000000000000000e+00
  -1.1000000000000001e+00	  -1.0000000000000002e+00	   1.0000000000000000e+00
  -1.8000000000000000e+00	  -1.7000000000000004e+00	   1.0000000000000000e+00
  -3.0000000000000004e-01	  -1.0000000000000002e-01	   1.0000000000000000e+00
   1.0000000000000001e-01	  -1.0000000000000002e+00	   1.0000000000000000e+00
   3.2000000000000002e+00	  -6.0000000000000009e-01	   1.0000000000000000e+00
   2.5000000000000000e+00	  -1.5500000000000003e+00	   1.0000000000000000e+00
  -2.0000000000000001e-01	  -2.0000000000000004e+00	   1.0000000000000000e+00
   2.3000000000000003e+00	  -1.0000000000000002e-01	   1.0000000000000000e+00
   2.4000000000000004e+00	   2.5500000000000007e+00	   1.0000000000000000e+00
   6.0000000000000009e-01	  -1.3000000000000003e+00	   1.0000000000000000e+00
   1.0000000000000001e-01	  -1.9500000000000004e+00	   1.0000000000000000e+00
   1.6000000000000001e+00	  -1.3000000000000003e+00	   1.0000000000000000e+00
   6.0000000000000009e-01	  -1.0000000000000002e+00	   1.0000000000000000e+00
   1.9000000000000001e+00	  -2.0000000000000004e-01	   1.0000000000000000e+00
   3.4000000000000004e+00	  -6.0000000000000009e-01	   1.0000000000000000e+00
  -9.0000000000000002e-01	  -9.5000000000000018e-01	   1.0000000000000000e+00
   1.1000000000000001e+00	  -9.5000000000000018e-01	   1.0000000000000000e+00
   2.1000000000000001e+00	   2.0500000000000003e+00	   1.0000000000000000e+00
   2.8000000000000003e+00	  -1.6000000000000003e+00	   1.0000000000000000e+00
   3.0000000000000000e+00	   2.8500000000000005e+00	   1.0000000000000000e+00
   7.0000000000000007e-01	   4.5000000000000007e-01	   1.0000000000000000e+00
  -1.5000000000000000e+00	  -3.0000000000000004e-01	   1.0000000000000000e+00
   4.0000000000000002e-01	  -1.7000000000000004e+00	   1.0000000000000000e+00
   2.9000000000000004e+00	   1.5000000000000002e+00	   1.0000000000000000e+00
  -6.0000000000000009e-01	  -3.5000000000000009e-01	   1.0000000000000000e+00
   9.0000000000000002e-01	  -6.5000000000000013e-01	   1.0000000000000000e+00
  -5.8904584319838682e-01	   2.0732355096241450e-01	   1.0000000000000000e+00
   2.4000000000000004e+00	  -1.5500000000000003e+00	   1.0000000000000000e+00
   2.7000000000000002e+00	   1.1000000000000003e+00	   1.0000000000000000e+00
   1.9000000000000001e+00	   5.0000000000000010e-02	   1.0000000000000000e+00
   3.0000000000000000e+00	  -1.2000000000000002e+00	   1.0000000000000000e+00
   1.0000000000000000e+00	  -1.5500000000000003e+00	   1.0000000000000000e+00
   1.0000000000000000e+00	  -2.0000000000000004e+00	   1.0000000000000000e+00
   1.9000000000000001e+00	   1.4000000000000004e+00	   1.0000000000000000e+00
   0.0000000000000000e+00	  -1.3500000000000003e+00	   1.0000000000000000e+00
  -1.7000000000000002e+00	  -1.0500000000000003e+00	   1.0000000000000000e+00
  -6.0000000000000009e-01	  -1.7500000000000004e+00	   1.0000000000000000e+00
  -1.9000000000000001e+00	  -1.7000000000000004e+00	   1.0000000000000000e+00
   2.0000000000000001e-01	  -1.9000000000000004e+00	   1.0000000000000000e+00
  -1.5000000000000000e+00	  -1.9500000000000004e+00	   1.0000000000000000e+00
   1.8000000000000000e+00	  -2.0000000000000004e-01	   1.0000000000000000e+00
   2.2000000000000002e+00	   8.0000000000000016e-01	   1.0000000000000000e+00
   9.0000000000000002e-01	  -2.5000000000000006e-01	   1.0000000000000000e+00
   1.0000000000000000e+00	  -1.7000000000000004e+00	   1.0000000000000000e+00
   3.1000000000000001e+00	  -2.5000000000000006e-01	   1.0000000000000000e+00
   2.4000000000000004e+00	   2.0000000000000004e+00	   1.0000000000000000e+00
  -2.0000000000000001e-01	  -6.5000000000000013e-01	   1.0000000000000000e+00
   2.5000000000000000e+00	   2.2500000000000004e+00	   1.0000000000000000e+00
  -1.9000000000000001e+00	  -1.6500000000000004e+00	   1.0000000000000000e+00
   3.1078503888139219e-01	   2.0079817366823782e+00	   1.0000000000000000e+00
   2.7000000000000002e+00	  -4.5000000000000007e-01	   1.0000000000000000e+00
  -2.6000000000000001e+00	  -1.2500000000000002e+00	   1.0000000000000000e+00
   4.1000000000000005e+00	  -7.0000000000000018e-01	   1.0000000000000000e+00
  -2.0000000000000001e-01	  -2.5000000000000006e-01	   1.0000000000000000e+00
  -1.1000000000000001e+00	  -1.5500000000000003e+00	   1.0000000000000000e+00
   0.0000000000000000e+00	  -9.5000000000000018e-01	   1.0000000000000000e+00
   2.6000000000000001e+00	   1.4000000000000004e+00	   1.0000000000000000e+00
   2.6000000000000001e+00	   0.0000000000000000e+00	   1.0000000000000000e+00
   2.0000000000000000e+00	  -1.0000000000000002e-01	   1.0000000000000000e+00
   2.1000000000000001e+00	   2.3500000000000005e+00	   1.0000000000000000e+00
   2.4000000000000004e+00	   1.5000000000000002e+00	   1.0000000000000000e+00
  -1.1000000000000001e+00	  -1.1500000000000001e+00	   1.0000000000000000e+00
   2.8000000000000003e+00	  -1.4000000000000004e+00	   1.0000000000000000e+00
  -1.4000000000000001e+00	  -5.5000000000000016e-01	   1.0000000000000000e+00
   2.0000000000000000e+00	   2.1000000000000005e+00	   1.0000000000000000e+00
  -1.4000000000000001e+00	  -2.0000000000000004e-01	   1.0000000000000000e+00
   2.0000000000000000e+00	  -1.3000000000000003e+00	   1.0000000000000000e+00
   2.8000000000000003e+00	  -9.0000000000000013e-01	   1.0000000000000000e+00
   3.0000000000000004e-01	   2.5000000000000006e-01	   1.0000000000000000e+00
   2.7000000000000002e+00	  -1.6000000000000003e+00	   1.0000000000000000e+00
   1.8000000000000000e+00	   1.8500000000000003e+00	   1.0000000000000000e+00
  -2.0000000000000001e-01	  -1.7500000000000004e+00	   1.0000000000000000e+00
   4.0000000000000002e-01	  -9.5000000000000018e-01	   1.0000000000000000e+00
   3.1000000000000001e+00	  -1.0500000000000003e+00	   1.0000000000000000e+00
   1.9000000000000001e+00	  -1.0000000000000002e-01	   1.0000000000000000e+00
   3.1000000000000001e+00	   5.5000000000000016e-01	   1.0000000000000000e+00
   3.2000000000000002e+00	  -2.5000000000000006e-01	   1.0000000000000000e+00
   2.5000000000000000e+00	   3.5000000000000009e-01	   1.0000000000000000e+00
   1.9000000000000001e+00	   2.5500000000000007e+00	   1.0000000000000000e+00
   1.3000000000000000e+00	  -8.5000000000000020e-01	   1.0000000000000000e+00
   3.5000000000000000e+00	  -1.3500000000000003e+00	   1.0000000000000000e+00
   2.2000000000000002e+00	   1.5000000000000002e+00	   1.0000000000000000e+00
   2.9000000000000004e+00	   6.5000000000000013e-01	   1.0000000000000000e+00
   0.0000000000000000e+00	   4.5000000000000007e-01	   1.0000000000000000e+00
   2.6000000000000001e+00	   1.8500000000000003e+00	   1.0000000000000000e+00
  -7.0000000000000007e-01	  -5.5000000000000016e-01	   1.0000000000000000e+00
   1.2000000000000002e+00	  -5.0000000000000011e-01	   1.0000000000000000e+00
   2.5000000000000000e+00	   8.0000000000000016e-01	   1.0000000000000000e+00
   2.8000000000000003e+00	  -1.2500000000000002e+00	   1.0000000000000000e+00
  -3.0000000000000004e-01	   2.5000000000000006e-01	   1.0000000000000000e+00
  -2.5000000000000000e+00	  -1.3000000000000003e+00	   1.0000000000000000e+00
  -1.2000000000000002e+00	  -3.5000000000000009e-01	   1.0000000000000000e+00
   2.3000000000000003e+00	  -1.9000000000000004e+00	   1.0000000000000000e+00
  -1.8000000000000000e+00	  -6.0000000000000009e-01	   1.0000000000000000e+00
  -2.1000000000000001e+00	  -1.8500000000000003e+00	   1.0000000000000000e+00
   2.0000000000000000e+00	   2.1500000000000004e+00	   1.0000000000000000e+00
   1.6000000000000001e+00	  -1.9500000000000004e+00	   1.0000000000000000e+00
   2.0000000000000001e-01	   7.0000000000000018e-01	   1.0000000000000000e+00
  -1.8000000000000000e+00	  -1.5500000000000003e+00	   1.0000000000000000e+00
   0.0000000000000000e+00	  -9.0000000000000013e-01	   1.0000000000000000e+00
   1.8000000000000000e+00	  -3.5000000000000009e-01	   1.0000000000000000e+00
   1.0000000000000001e-01	  -2.0000000000000004e+00	   1.0000000000000000e+00
   1.3000000000000000e+00	  -1.5000000000000002e+00	   1.0000000000000000e+00
   2.6000000000000001e+00	   2.8500000000000005e+00	   1.0000000000000000e+00
   4.2000000000000002e+00	  -8.0000000000000016e-01	   1.0000000000000000e+00
   2.0000000000000000e+00	   2.3500000000000005e+00	   1.0000000000000000e+00
   8.0000000000000004e-01	  -1.0000000000000002e-01	   1.0000000000000000e+00
   3.0000000000000004e-01	   5.0000000000000010e-02	   1.0000000000000000e+00
  -1.0000000000000000e+00	  -3.5000000000000009e-01	   1.0000000000000000e+00
   2.8000000000000003e+00	   5.0000000000000011e-01	   1.0000000000000000e+00
   1.7000000000000002e+00	   1.8500000000000003e+00	   1.0000000000000000e+00
   2.9000000000000004e+00	   2.4500000000000006e+00	   1.0000000000000000e+00
   3.0000000000000000e+00	  -5.0000000000000010e-02	   1.0000000000000000e+00
   2.3000000000000003e+00	   7.5000000000000011e-01	   1.0000000000000000e+00
   3.5000000000000000e+00	  -1.5000000000000002e+00	   1.0000000000000000e+00
   3.5000000000000000e+00	  -7.5000000000000011e-01	   1.0000000000000000e+00
   4.1000000000000005e+00	  -1.5500000000000003e+00	   1.0000000000000000e+00
  -2.1000000000000001e+00	  -1.9500000000000004e+00	   1.0000000000000000e+00
   1.2000000000000002e+00	  -1.2500000000000002e+00	   1.0000000000000000e+00
   3.0000000000000004e-01	  -6.5000000000000013e-01	   1.0000000000000000e+00
   8.8755879395681880e-01	   8.8355217346844794e-01	   1.0000000000000000e+00
   2.0000000000000001e-01	   4.0000000000000008e-01	   1.0000000000000000e+00
  -1.4000000000000001e+00	  -1.9500000000000004e+00	   1.0000000000000000e+00
  -4.0000000000000002e-01	   1.5000000000000002e-01	   1.0000000000000000e+00
   1.3000000000000000e+00	   0.0000000000000000e+00	   1.0000000000000000e+00
  -8.0000000000000004e-01	  -1.5000000000000002e+00	   1.0000000000000000e+00
   3.8000000000000003e+00	  -1.9500000000000004e+00	   1.0000000000000000e+00
   2.3000000000000003e+00	   1.3500000000000003e+00	   1.0000000000000000e+00
  -1.0000000000000001e-01	  -1.3500000000000003e+00	   1.0000000000000000e+00
   2.7000000000000002e+00	   1.4500000000000002e+00	   1.0000000000000000e+00
   3.7000000000000002e+00	  -2.5000000000000006e-01	   1.0000000000000000e+00
  -1.5000000000000000e+00	  -1.7000000000000004e+00	   1.0000000000000000e+00
  -2.4000000000000004e+00	  -1.7000000000000004e+00	   1.0000000000000000e+00
   2.2000000000000002e+00	   1.7500000000000004e+00	   1.0000000000000000e+00
  -1.0000000000000000e+00	  -2.0000000000000004e-01	   1.0000000000000000e+00
  -4.0000000000000002e-01	  -4.5000000000000007e-01	   1.0000000000000000e+00
   2.7000000000000002e+00	   2.5000000000000006e-01	   1.0000000000000000e+00
  -3.0000000000000004e-01	  -8.5000000000000020e-01	   1.0000000000000000e+00
   2.0000000000000000e+00	   2.7000000000000006e+00	   1.0000000000000000e+00
  -1.4000000000000001e+00	  -1.2000000000000002e+00	   1.0000000000000000e+00
   8.0000000000000004e-01	  -1.5500000000000003e+00	   1.0000000000000000e+00
  -1.8000000000000000e+00	  -1.4500000000000002e+00	   1.0000000000000000e+00
   3.0000000000000000e+00	   5.0000000000000010e-02	   1.0000000000000000e+00
   2.9000000000000004e+00	   2.9000000000000004e+00	   1.0000000000000000e+00
   3.9000000000000004e+00	  -1.4000000000000004e+00	   1.0000000000000000e+00
  -1.9000000000000001e+00	  -1.2500000000000002e+00	   1.0000000000000000e+00
  -2.1000000000000001e+00	  -1.5000000000000002e+00	   1.0000000000000000e+00
   0.0000000000000000e+00	   0.0000000000000000e+00	   1.0000000000000000e+00
   4.0000000000000000e+00	  -7.0000000000000018e-01	   1.0000000000000000e+00
   2.5000000000000000e+00	   2.4500000000000006e+00	   1.0000000000000000e+00
  -2.3000000000000003e+00	  -1.2000000000000002e+00	   1.0000000000000000e+00
   2.2000000000000002e+00	   2.1000000000000005e+00	   1.0000000000000000e+00
  -1.0000000000000000e+00	  -1.2500000000000002e+00	   1.0000000000000000e+00
   6.0000000000000009e-01	  -1.9500000000000004e+00	   1.0000000000000000e+00
   1.6000000000000001e+00	  -6.5000000000000013e-01	   1.0000000000000000e+00
   1.3000000000000000e+00	  -1.2000000000000002e+00	   1.0000000000000000e+00
   1.3000000000000000e+00	  -5.0000000000000010e-02	   1.0000000000000000e+00
   2.5000000000000000e+00	  -1.1500000000000001e+00	   1.0000000000000000e+00
   1.0000000000000000e+00	  -1.3500000000000003e+00	   1.0000000000000000e+00
   1.0000000000000001e-01	  -1.1500000000000001e+00	   1.0000000000000000e+00
   3.0000000000000000e+00	  -2.0000000000000004e+00	   1.0000000000000000e+00
   1.4000000000000001e+00	  -2.5000000000000006e-01	   1.0000000000000000e+00
   2.5000000000000000e+00	   1.5000000000000002e-01	   1.0000000000000000e+00
  -1.4000000000000001e+00	  -1.7500000000000004e+00	   1.0000000000000000e+00
   1.6000000000000001e+00	  -5.0000000000000011e-01	   1.0000000000000000e+00
   3.0000000000000000e+00	   1.1000000000000003e+00	   1.0000000000000000e+00
   2.2000000000000002e+00	   6.0000000000000009e-01	   1.0000000000000000e+00
  -2.0000000000000001e-01	  -2.0000000000000004e-01	   1.0000000000000000e+00
   8.0000000000000004e-01	  -2.0000000000000004e+00	   1.0000000000000000e+00
  -3.0000000000000004e-01	   2.0000000000000004e-01	   1.0000000000000000e+00
   1.9000000000000001e+00	  -5.5000000000000016e-01	   1.0000000000000000e+00
   4.2000000000000002e+00	  -1.8500000000000003e+00	   1.0000000000000000e+00
  -1.1000000000000001e+00	  -1.7000000000000004e+00	   1.0000000000000000e+00
   4.0000000000000000e+00	  -8.0000000000000016e-01	   1.0000000000000000e+00
   2.5000000000000000e+00	   1.2500000000000002e+00	   1.0000000000000000e+00
  -1.8000000000000000e+00	  -1.9000000000000004e+00	   1.0000000000000000e+00
   1.0000000000000001e-01	  -1.7000000000000004e+00	   1.0000000000000000e+00
  -2.0000000000000000e+00	  -1.5500000000000003e+00	   1.0000000000000000e+00
  -2.5000000000000000e+00	  -1.7500000000000004e+00	   1.0000000000000000e+00
   3.0000000000000004e-01	  -5.0000000000000011e-01	   1.0000000000000000e+00
   4.0000000000000002e-01	  -1.1500000000000001e+00	   1.0000000000000000e+00
   3.5000000000000000e+00	  -1.8000000000000003e+00	   1.0000000000000000e+00
   3.1000000000000001e+00	   3.0000000000000004e-01	   1.0000000000000000e+00
  -7.0000000000000007e-01	  -1.8500000000000003e+00	   1.0000000000000000e+00
  -3.0000000000000004e-01	  -1.4000000000000004e+00	   1.0000000000000000e+00
  -5.0000000000000000e-01	  -1.1500000000000001e+00	   1.0000000000000000e+00
   3.9000000000000004e+00	  -9.5000000000000018e-01	   1.0000000000000000e+00
   2.7000000000000002e+00	  -9.5000000000000018e-01	   1.0000000000000000e+00
   2.7000000000000002e+00	   1.5500000000000003e+00	   1.0000000000000000e+00
   3.6000000000000001e+00	  -1.5000000000000002e+00	   1.0000000000000000e+00
  -7.0000000000000007e-01	  -1.1500000000000001e+00	   1.0000000000000000e+00
   1.7000000000000002e+00	  -1.6000000000000003e+00	   1.0000000000000000e+00
   9.0000000000000002e-01	  -3.5000000000000009e-01	   1.0000000000000000e+00
   1.5000000000000000e+00	  -2.5000000000000006e-01	   1.0000000000000000e+00
   9.0000000000000002e-01	  -7.0000000000000018e-01	   1.0000000000000000e+00
   3.7000000000000002e+00	  -1.0500000000000003e+00	   1.0000000000000000e+00
  -7.0000000000000007e-01	  -1.1000000000000003e+00	   1.0000000000000000e+00
   2.7000000000000002e+00	   2.9000000000000004e+00	   1.0000000000000000e+00
   2.0000000000000001e-01	   2.5000000000000006e-01	   1.0000000000000000e+00
  -8.0000000000000004e-01	  -4.0000000000000008e-01	   1.0000000000000000e+00
   2.6000000000000001e+00	  -1.7500000000000004e+00	   1.0000000000000000e+00
  -5.0000000000000000e-01	  -9.0000000000000013e-01	   1.0000000000000000e+00
   7.0000000000000007e-01	  -1.5500000000000003e+00	   1.0000000000000000e+00
   3.8000000000000003e+00	  -6.0000000000000009e-01	   1.0000000000000000e+00
   2.4000000000000004e+00	   2.5000000000000006e-01	   1.0000000000000000e+00
  -1.6000000000000001e+00	  -3.0000000000000004e-01	   1.0000000000000000e+00
   3.7000000000000002e+00	  -1.9000000000000004e+00	   1.0000000000000000e+00
   6.0000000000000009e-01	  -2.0000000000000004e+00	   1.0000000000000000e+00
   1.8000000000000000e+00	  -1.9500000000000004e+00	   1.0000000000000000e+00
   1.4195370213472636e+00	  -2.9746130214851618e-02	   1.0000000000000000e+00
  -6.0000000000000009e-01	  -1.8000000000000003e+00	   1.0000000000000000e+00
  -4.0000000000000002e-01	  -1.6500000000000004e+00	   1.0000000000000000e+00
   3.1000000000000001e+00	  -9.5000000000000018e-01	   1.0000000000000000e+00
  -3.0000000000000004e-01	  -9.5000000000000018e-01	   1.0000000000000000e+00
  -1.0000000000000001e-01	  -4.0000000000000008e-01	   1.0000000000000000e+00
   3.7000000000000002e+00	  -1.4000000000000004e+00	   1.0000000000000000e+00
   0.0000000000000000e+00	  -8.5000000000000020e-01	   1.0000000000000000e+00
   2.1000000000000001e+00	  -1.2000000000000002e+00	   1.0000000000000000e+00
   1.3000000000000000e+00	  -1.7000000000000004e+00	   1.0000000000000000e+00
  -2.1000000000000001e+00	  -2.5000000000000006e-01	   1.0000000000000000e+00
   1.0000000000000001e-01	  -1.9000000000000004e+00	   1.0000000000000000e+00
   1.9000000000000001e+00	   2.1000000000000005e+00	   1.0000000000000000e+00
  -2.0000000000000001e-01	  -9.0000000000000013e-01	   1.0000000000000000e+00
   3.6000000000000001e+00	  -1.5500000000000003e+00	   1.0000000000000000e+00
   6.0000000000000009e-01	   9.5000000000000018e-01	   1.0000000000000000e+00
   2.5000000000000000e+00	   5.0000000000000010e-02	   1.0000000000000000e+00
   2.7000000000000002e+00	   2.6500000000000004e+00	   1.0000000000000000e+00
  -5.0000000000000000e-01	   2.5000000000000006e-01	   1.0000000000000000e+00
  -7.0000000000000007e-01	  -3.0000000000000004e-01	   1.0000000000000000e+00
   3.3000000000000003e+00	   5.0000000000000010e-02	   1.0000000000000000e+00
   1.8000000000000000e+00	   2.7000000000000006e+00	   1.0000000000000000e+00
   2.3000000000000003e+00	   2.0000000000000004e-01	   1.0000000000000000e+00
  -1.0000000000000001e-01	  -2.0000000000000004e+00	   1.0000000000000000e+00
  -1.5000000000000000e+00	  -1.8000000000000003e+00	   1.0000000000000000e+00
   2.6000000000000001e+00	  -1.1000000000000003e+00	   1.0000000000000000e+00
   3.5000000000000000e+00	  -1.4000000000000004e+00	   1.0000000000000000e+00
  -1.3000000000000000e+00	  -1.2000000000000002e+00	   1.0000000000000000e+00
   2.5000000000000000e+00	   2.5000000000000004e+00	   1.0000000000000000e+00
   1.8000000000000000e+00	  -7.5000000000000011e-01	   1.0000000000000000e+00
   0.0000000000000000e+00	  -1.7500000000000004e+00	   1.0000000000000000e+00
  -2.5000000000000000e+00	  -8.5000000000000020e-01	   1.0000000000000000e+00
  -1.5000000000000000e+00	  -1.0000000000000002e+00	   1.0000000000000000e+00
  -7.0000000000000007e-01	  -1.4500000000000002e+00	   1.0000000000000000e+00
   3.2000000000000002e+00	  -1.2000000000000002e+00	   1.0000000000000000e+00
   4.0000000000000000e+00	  -7.5000000000000011e-01	   1.0000000000000000e+00
   2.1000000000000001e+00	  -8.5000000000000020e-01	   1.0000000000000000e+00
   1.4000000000000001e+00	  -7.0000000000000018e-01	   1.0000000000000000e+00
   9.1682298642163051e-01	  -4.8192075944378521e-01	   1.0000000000000000e+00
   3.0000000000000004e-01	   3.0000000000000004e-01	   1.0000000000000000e+00
   2.1000000000000001e+00	   7.5000000000000011e-01	   1.0000000000000000e+00
   6.0000000000000009e-01	  -1.6000000000000003e+00	   1.0000000000000000e+00
   1.9000000000000001e+00	  -2.5000000000000006e-01	   1.0000000000000000e+00
   2.7000000000000002e+00	   2.2000000000000006e+00	   1.0000000000000000e+00
   8.0000000000000004e-01	  -9.0000000000000013e-01	   1.0000000000000000e+00
   7.0000000000000007e-01	  -1.4000000000000004e+00	   1.0000000000000000e+00
   3.9000000000000004e+00	  -2.0000000000000004e+00	   1.0000000000000000e+00
   2.4000000000000004e+00	  -1.0000000000000002e+00	   1.0000000000000000e+00
   2.7000000000000002e+00	   2.1500000000000004e+00	   1.0000000000000000e+00
   2.0000000000000000e+00	   1.9500000000000004e+00	   1.0000000000000000e+00
   1.1000000000000001e+00	   0.0000000000000000e+00	   1.0000000000000000e+00
   3.4000000000000004e+00	  -1.2500000000000002e+00	   1.0000000000000000e+00
   1.8000000000000000e+00	  -5.0000000000000010e-02	   1.0000000000000000e+00
  -2.0000000000000001e-01	  -8.5000000000000020e-01	   1.0000000000000000e+00
  -1.8000000000000000e+00	  -1.1500000000000001e+00	   1.0000000000000000e+00
   3.6000000000000001e+00	  -3.0000000000000004e-01	   1.0000000000000000e+00
   8.0000000000000004e-01	   4.5000000000000007e-01	   1.0000000000000000e+00
   0.0000000000000000e+00	   1.0000000000000002e-01	   1.0000000000000000e+00
   3.6000000000000001e+00	  -5.0000000000000010e-02	   1.0000000000000000e+00
   1.8000000000000000e+00	  -5.0000000000000011e-01	   1.0000000000000000e+00
   2.1000000000000001e+00	   7.0000000000000018e-01	   1.0000000000000000e+00
   2.0000000000000001e-01	  -5.0000000000000010e-02	   1.0000000000000000e+00
   2.4000000000000004e+00	   2.7500000000000004e+00	   1.0000000000000000e+00
  -1.6000000000000001e+00	  -2.0000000000000004e-01	   1.0000000000000000e+00
   4.0000000000000002e-01	   7.5000000000000011e-01	   1.0000000000000000e+00
   3.0000000000000000e+00	   2.7000000000000006e+00	   1.0000000000000000e+00
  -1.5000000000000000e+00	  -1.5500000000000003e+00	   1.0000000000000000e+00
  -2.3000000000000003e+00	  -8.5000000000000020e-01	   1.0000000000000000e+00
  -1.5000000000000000e+00	  -4.5000000000000007e-01	   1.0000000000000000e+00
  -2.4000000000000004e+00	  -1.0000000000000002e+00	   1.0000000000000000e+00
  -5.0000000000000000e-01	   1.5000000000000002e-01	   1.0000000000000000e+00
   3.7000000000000002e+00	  -1.0000000000000002e+00	   1.0000000000000000e+00
   3.5000000000000000e+00	  -3.5000000000000009e-01	   1.0000000000000000e+00
  -1.0000000000000000e+00	  -4.5000000000000007e-01	   1.0000000000000000e+00
  -1.9000000000000001e+00	  -2.5000000000000006e-01	   1.0000000000000000e+00
  -1.0000000000000001e-01	  -1.1000000000000003e+00	   1.0000000000000000e+00
   7.0000000000000007e-01	   8.0000000000000016e-01	   1.0000000000000000e+00
   2.2000000000000002e+00	  -5.0000000000000011e-01	   1.0000000000000000e+00
   2.1000000000000001e+00	   2.5000000000000004e+00	   1.0000000000000000e+00
  -1.6000000000000001e+00	  -1.5500000000000003e+00	   1.0000000000000000e+00
   5.0000000000000000e-01	  -1.4500000000000002e+00	   1.0000000000000000e+00
   1.9228252475824997e-01	  -4.7944654621188504e-01	   1.0000000000000000e+00
  -2.2000000000000002e+00	  -1.3500000000000003e+00	   1.0000000000000000e+00
   2.3000000000000003e+00	   1.7500000000000004e+00	   1.0000000000000000e+00
  -3.0000000000000004e-01	   4.5000000000000007e-01	   1.0000000000000000e+00
   2.3000000000000003e+00	   6.0000000000000009e-01	   1.0000000000000000e+00
   2.4000000000000004e+00	   2.1500000000000004e+00	   1.0000000000000000e+00
  -1.0000000000000001e-01	   6.0000000000000009e-01	   1.0000000000000000e+00
  -2.3000000000000003e+00	  -1.8000000000000003e+00	   1.0000000000000000e+00
   2.9000000000000004e+00	   1.9000000000000004e+00	   1.0000000000000000e+00
   1.6000000000000001e+00	  -3.5000000000000009e-01	   1.0000000000000000e+00
  -6.0000000000000009e-01	  -1.3000000000000003e+00	   1.0000000000000000e+00
  -1.8000000000000000e+00	  -1.5000000000000002e-01	   1.0000000000000000e+00
   1.2000000000000002e+00	  -3.0000000000000004e-01	   1.0000000000000000e+00
   2.9000000000000004e+00	   1.7000000000000004e+00	   1.0000000000000000e+00
   2.0000000000000000e+00	  -1.7500000000000004e+00	   1.0000000000000000e+00
   7.0000000000000007e-01	  -2.5000000000000006e-01	   1.0000000000000000e+00
  -7.0000000000000007e-01	  -8.0000000000000016e-01	   1.0000000000000000e+00
   2.9000000000000004e+00	  -1.6500000000000004e+00	   1.0000000000000000e+00
  -2.2000000000000002e+00	  -1.9000000000000004e+00	   1.0000000000000000e+00
   0.0000000000000000e+00	  -1.1500000000000001e+00	   1.0000000000000000e+00
   2.7000000000000002e+00	   2.4000000000000004e+00	   1.0000000000000000e+00
   2.6000000000000001e+00	   4.0000000000000008e-01	   1.0000000000000000e+00
   3.0000000000000004e-01	   4.5000000000000007e-01	   1.0000000000000000e+00
  -7.0000000000000007e-01	  -6.5000000000000013e-01	   1.0000000000000000e+00
   4.0000000000000000e+00	  -8.5000000000000020e-01	   1.0000000000000000e+00
   3.2000000000000002e+00	   4.0000000000000008e-01	   1.0000000000000000e+00
  -6.0000000000000009e-01	  -1.4500000000000002e+00	   1.0000000000000000e+00
   3.0000000000000004e-01	   9.0000000000000013e-01	   1.0000000000000000e+00
   3.0000000000000004e-01	   5.5000000000000016e-01	   1.0000000000000000e+00
   2.3000000000000003e+00	   2.5000000000000004e+00	   1.0000000000000000e+00
   1.7000000000000002e+00	   2.1500000000000004e+00	   1.0000000000000000e+00
   2.4000000000000004e+00	   6.0000000000000009e-01	   1.0000000000000000e+00
  -3.0000000000000004e-01	  -1.6000000000000003e+00	   1.0000000000000000e+00
   1.0000000000000001e-01	  -1.2000000000000002e+00	   1.0000000000000000e+00
   2.5000000000000000e+00	   2.9000000000000004e+00	   1.0000000000000000e+00
   2.3000000000000003e+00	   4.0000000000000008e-01	   1.0000000000000000e+00
   1.5000000000000000e+00	  -2.0000000000000004e-01	   1.0000000000000000e+00
   1.0000000000000000e+00	  -1.7500000000000004e+00	   1.0000000000000000e+00
  -1.8000000000000000e+00	  -4.0000000000000008e-01	   1.0000000000000000e+00
   1.2000000000000002e+00	  -7.0000000000000018e-01	   1.0000000000000000e+00
   2.2000000000000002e+00	   0.0000000000000000e+00	   1.0000000000000000e+00
   4.2000000000000002e+00	  -1.3000000000000003e+00	   1.0000000000000000e+00
  -6.0000000000000009e-01	  -2.0000000000000004e-01	   1.0000000000000000e+00
   2.1000000000000001e+00	   6.5000000000000013e-01	   1.0000000000000000e+00
   5.0000000000000000e-01	  -1.8000000000000003e+00	   1.0000000000000000e+00
   1.9000000000000001e+00	  -1.4500000000000002e+00	   1.0000000000000000e+00
  -1.9000000000000001e+00	  -1.7500000000000004e+00	   1.0000000000000000e+00
   8.0000000000000004e-01	   6.0000000000000009e-01	   1.0000000000000000e+00
   5.0000000000000000e-01	   4.5000000000000007e-01	   1.0000000000000000e+00
   2.7000000000000002e+00	   9.5000000000000018e-01	   1.0000000000000000e+00
   8.0000000000000004e-01	   6.5000000000000013e-01	   1.0000000000000000e+00
  -1.6000000000000001e+00	  -1.4000000000000004e+00	   1.0000000000000000e+00
  -5.0000000000000000e-01	   3.0000000000000004e-01	   1.0000000000000000e+00
   1.8000000000000000e+00	  -2.5000000000000006e-01	   1.0000000000000000e+00
   3.4000000000000004e+00	  -1.9500000000000004e+00	   1.0000000000000000e+00
   3.4000000000000004e+00	  -9.0000000000000013e-01	   1.0000000000000000e+00
  -5.0000000000000000e-01	   2.0000000000000004e-01	   1.0000000000000000e+00
  -2.5000000000000000e+00	  -1.6000000000000003e+00	   1.0000000000000000e+00
   1.9000000000000001e+00	   2.0000000000000004e+00	   1.0000000000000000e+00
   5.0000000000000000e-01	  -9.0000000000000013e-01	   1.0000000000000000e+00
   4.0000000000000002e-01	  -3.5000000000000009e-01	   1.0000000000000000e+00
   2.3000000000000003e+00	   2.0500000000000003e+00	   1.0000000000000000e+00
   3.4000000000000004e+00	   2.5000000000000006e-01	   1.0000000000000000e+00
  -1.4000000000000001e+00	  -4.5000000000000007e-01	   1.0000000000000000e+00
  -1.0000000000000001e-01	  -6.0000000000000009e-01	   1.0000000000000000e+00
   1.2000000000000002e+00	  -2.0000000000000004e-01	   1.0000000000000000e+00
   2.9000000000000004e+00	   1.3000000000000003e+00	   1.0000000000000000e+00
  -4.0000000000000002e-01	  -1.2000000000000002e+00	   1.0000000000000000e+00
   3.5000000000000000e+00	  -6.0000000000000009e-01	   1.0000000000000000e+00
   3.0000000000000004e-01	   4.0000000000000008e-01	   1.0000000000000000e+00
   2.0000000000000001e-01	  -5.5000000000000016e-01	   1.0000000000000000e+00
   2.7000000000000002e+00	  -1.1000000000000003e+00	   1.0000000000000000e+00
  -2.1000000000000001e+00	  -9.5000000000000018e-01	   1.0000000000000000e+00
   2.3000000000000003e+00	   2.2000000000000006e+00	   1.0000000000000000e+00
   1.7000000000000002e+00	  -2.0000000000000004e+00	   1.0000000000000000e+00
   2.0000000000000000e+00	   1.5000000000000002e+00	   1.0000000000000000e+00
   3.2000000000000002e+00	   0.0000000000000000e+00	   1.0000000000000000e+00
  -1.2000000000000002e+00	  -5.0000000000000010e-02	   1.0000000000000000e+00
   6.0000000000000009e-01	   6.5000000000000013e-01	   1.0000000000000000e+00
   3.9000000000000004e+00	  -1.5000000000000002e+00	   1.0000000000000000e+00
  -2.1000000000000001e+00	  -1.0500000000000003e+00	   1.0000000000000000e+00
   2.4000000000000004e+00	   2.2500000000000004e+00	   1.0000000000000000e+00
   3.0000000000000004e-01	  -1.0000000000000002e+00	   1.0000000000000000e+00
   2.5000000000000000e+00	  -2.0000000000000004e-01	   1.0000000000000000e+00
   4.2000000000000002e+00	  -1.9500000000000004e+00	   1.0000000000000000e+00
   2.4000000000000004e+00	   8.0000000000000016e-01	   1.0000000000000000e+00
   2.4000000000000004e+00	   1.7000000000000004e+00	   1.0000000000000000e+00
   3.2000000000000002e+00	  -8.5000000000000020e-01	   1.0000000000000000e+00
  -1.2000000000000002e+00	   5.0000000000000010e-02	   1.0000000000000000e+00
  -2.3000000000000003e+00	  -1.3000000000000003e+00	   1.0000000000000000e+00
   2.3000000000000003e+00	  -2.0000000000000004e+00	   1.0000000000000000e+00
   1.3000000000000000e+00	  -1.6500000000000004e+00	   1.0000000000000000e+00
   1.8000000000000000e+00	   2.8000000000000007e+00	   1.0000000000000000e+00
   3.7000000000000002e+00	  -1.3500000000000003e+00	   1.0000000000000000e+00
   2.6000000000000001e+00	  -1.5500000000000003e+00	   1.0000000000000000e+00
   2.5000000000000000e+00	  -1.6000000000000003e+00	   1.0000000000000000e+00
   3.0000000000000004e-01	   7.5000000000000011e-01	   1.0000000000000000e+00
   1.9000000000000001e+00	  -1.5000000000000002e-01	   1.0000000000000000e+00
  -2.2000000000000002e+00	  -1.0500000000000003e+00	   1.0000000000000000e+00
   1.3000000000000000e+00	  -1.1500000000000001e+00	   1.0000000000000000e+00
   2.1000000000000001e+00	   1.6500000000000004e+00	   1.0000000000000000e+00
   1.7000000000000002e+00	  -1.7500000000000004e+00	   1.0000000000000000e+00
  -1.4000000000000001e+00	  -1.0000000000000002e+00	   1.0000000000000000e+00
   4.0000000000000002e-01	   5.0000000000000010e-02	   1.0000000000000000e+00
   2.5260929678784914e+00	   3.2105044573636482e-01	   1.0000000000000000e+00
   3.8000000000000003e+00	  -1.8000000000000003e+00	   1.0000000000000000e+00
   1.7000000000000002e+00	  -1.2000000000000002e+00	   1.0000000000000000e+00
   4.0000000000000002e-01	  -3.0000000000000004e-01	   1.0000000000000000e+00
   1.8000000000000000e+00	  -1.5500000000000003e+00	   1.0000000000000000e+00
  -4.0000000000000002e-01	  -1.0500000000000003e+00	   1.0000000000000000e+00
   9.0000000000000002e-01	  -4.0000000000000008e-01	   1.0000000000000000e+00
   1.8000000000000000e+00	  -3.0000000000000004e-01	   1.0000000000000000e+00
   2.9000000000000004e+00	   8.0000000000000016e-01	   1.0000000000000000e+00
   3.3000000000000003e+00	  -8.5000000000000020e-01	   1.0000000000000000e+00
  -7.0000000000000007e-01	  -1.5000000000000002e+00	   1.0000000000000000e+00
   1.4000000000000001e+00	  -1.7500000000000004e+00	   1.0000000000000000e+00
  -1.4000000000000001e+00	  -2.5000000000000006e-01	   1.0000000000000000e+00
   2.0000000000000001e-01	  -1.4000000000000004e+00	   1.0000000000000000e+00
  -6.0000000000000009e-01	   2.5000000000000006e-01	   1.0000000000000000e+00
   3.4000000000000004e+00	  -8.5000000000000020e-01	   1.0000000000000000e+00
  -1.2000000000000002e+00	  -9.5000000000000018e-01	   1.0000000000000000e+00
   8.0000000000000004e-01	  -1.4500000000000002e+00	   1.0000000000000000e+00
  -2.0000000000000000e+00	  -1.6500000000000004e+00	   1.0000000000000000e+00
   3.7000000000000002e+00	  -2.0000000000000004e+00	   1.0000000000000000e+00
  -1.0000000000000000e+00	  -6.0000000000000009e-01	   1.0000000000000000e+00
   2.7000000000000002e+00	  -7.0000000000000018e-01	   1.0000000000000000e+00
   5.0000000000000000e-01	  -2.0000000000000004e+00	   1.0000000000000000e+00
   3.3000000000000003e+00	  -6.5000000000000013e-01	   1.0000000000000000e+00
  -1.1000000000000001e+00	  -6.0000000000000009e-01	   1.0000000000000000e+00
   2.2000000000000002e+00	   1.4000000000000004e+00	   1.0000000000000000e+00
   2.8000000000000003e+00	   2.6500000000000004e+00	   1.0000000000000000e+00
  -1.6000000000000001e+00	  -8.5000000000000020e-01	   1.0000000000000000e+00
   2.3000000000000003e+00	   2.3500000000000005e+00	   1.0000000000000000e+00
   4.2000000000000002e+00	  -1.6000000000000003e+00	   1.0000000000000000e+00
   3.2000000000000002e+00	  -1.1000000000000003e+00	   1.0000000000000000e+00
   2.0000000000000000e+00	   1.1000000000000003e+00	   1.0000000000000000e+00
   2.1000000000000001e+00	  -1.7500000000000004e+00	   1.0000000000000000e+00
   1.1000000000000001e+00	  -1.3500000000000003e+00	   1.0000000000000000e+00
  -1.9000000000000001e+00	  -7.0000000000000018e-01	   1.0000000000000000e+00
   2.2000000000000002e+00	  -8.5000000000000020e-01	   1.0000000000000000e+00
   1.4000000000000001e+00	  -5.0000000000000010e-02	   1.0000000000000000e+00
   3.0000000000000000e+00	  -3.5000000000000009e-01	   1.0000000000000000e+00
   2.4000000000000004e+00	   2.8500000000000005e+00	   1.0000000000000000e+00
   2.7000000000000002e+00	  -6.5000000000000013e-01	   1.0000000000000000e+00
   2.0000000000000000e+00	   2.5000000000000004e+00	   1.0000000000000000e+00
  -4.0000000000000002e-01	  -1.8500000000000003e+00	   1.0000000000000000e+00
   4.1000000000000005e+00	  -8.0000000000000016e-01	   1.0000000000000000e+00
  -1.9000000000000001e+00	  -1.4500000000000002e+00	   1.0000000000000000e+00
   2.0000000000000001e-01	  -1.3000000000000003e+00	   1.0000000000000000e+00
  -1.8000000000000000e+00	  -5.5000000000000016e-01	   1.0000000000000000e+00
   1.8168251834427429e+00	  -1.1617427889429466e+00	   1.0000000000000000e+00
   3.9000000000000004e+00	  -4.5000000000000007e-01	   1.0000000000000000e+00
   2.6000000000000001e+00	   2.2000000000000006e+00	   1.0000000000000000e+00
   7.0000000000000007e-01	  -1.5000000000000002e-01	   1.0000000000000000e+00
   2.6000000000000001e+00	  -1.9500000000000004e+00	   1.0000000000000000e+00
   1.0000000000000001e-01	  -1.6500000000000004e+00	   1.0000000000000000e+00
   2.5000000000000000e+00	   1.9000000000000004e+00	   1.0000000000000000e+00
   5.0000000000000000e-01	  -1.9000000000000004e+00	   1.0000000000000000e+00
   0.0000000000000000e+00	  -1.0000000000000002e+00	   1.0000000000000000e+00
   2.6000000000000001e+00	   2.6500000000000004e+00	   1.0000000000000000e+00
  -4.0000000000000002e-01	  -1.1500000000000001e+00	   1.0000000000000000e+00
   8.0000000000000004e-01	  -1.8000000000000003e+00	   1.0000000000000000e+00
   2.3000000000000003e+00	  -1.5500000000000003e+00	   1.0000000000000000e+00
   4.0000000000000000e+00	  -1.7000000000000004e+00	   1.0000000000000000e+00
   3.0000000000000000e+00	   2.8000000000000007e+00	   1.0000000000000000e+00
   2.0000000000000000e+00	   0.0000000000000000e+00	   1.0000000000000000e+00
   3.5000000000000000e+00	  -1.0500000000000003e+00	   1.0000000000000000e+00
   2.1000000000000001e+00	   2.0000000000000004e-01	   1.0000000000000000e+00
  -4.0000000000000002e-01	  -8.0000000000000016e-01	   1.0000000000000000e+00
   4.2000000000000002e+00	  -1.1500000000000001e+00	   1.0000000000000000e+00
  -5.0000000000000000e-01	  -1.2500000000000002e+00	   1.0000000000000000e+00
  -2.0000000000000001e-01	  -7.5000000000000011e-01	   1.0000000000000000e+00
   2.5000000000000000e+00	   2.1500000000000004e+00	   1.0000000000000000e+00
   9.0000000000000002e-01	  -1.3500000000000003e+00	   1.0000000000000000e+00
   3.1000000000000001e+00	  -5.0000000000000010e-02	   1.0000000000000000e+00
  -1.0000000000000001e-01	   3.5000000000000009e-01	   1.0000000000000000e+00
   3.2000000000000002e+00	  -2.0000000000000004e+00	   1.0000000000000000e+00
   1.9000000000000001e+00	   2.0500000000000003e+00	   1.0000000000000000e+00
   2.8000000000000003e+00	   1.0500000000000003e+00	   1.0000000000000000e+00
   5.0000000000000000e-01	   3.5000000000000009e-01	   1.0000000000000000e+00
   0.0000000000000000e+00	  -6.0000000000000009e-01	   1.0000000000000000e+00
  -9.0000000000000002e-01	  -1.2500000000000002e+00	   1.0000000000000000e+00
   6.0000000000000009e-01	  -2.0000000000000004e-01	   1.0000000000000000e+00
  -1.7000000000000002e+00	  -3.5000000000000009e-01	   1.0000000000000000e+00
   1.7000000000000002e+00	  -5.0000000000000010e-02	   1.0000000000000000e+00
   2.7000000000000002e+00	  -7.5000000000000011e-01	   1.0000000000000000e+00
  -3.0227466402830527e-01	   8.8623260919754809e-01	   1.0000000000000000e+00
   1.9000000000000001e+00	  -1.5000000000000002e+00	   1.0000000000000000e+00
   3.3000000000000003e+00	  -1.5000000000000002e-01	   1.0000000000000000e+00
   3.2000000000000002e+00	   5.0000000000000011e-01	   1.0000000000000000e+00
  -3.0000000000000004e-01	  -1.1000000000000003e+00	   1.0000000000000000e+00
   2.2000000000000002e+00	   5.0000000000000010e-02	   1.0000000000000000e+00
   0.0000000000000000e+00	  -2.0000000000000004e-01	   1.0000000000000000e+00
   3.4000000000000004e+00	  -3.5000000000000009e-01	   1.0000000000000000e+00
   2.1000000000000001e+00	   1.2500000000000002e+00	   1.0000000000000000e+00
  -8.0000000000000004e-01	  -1.0000000000000002e+00	   1.0000000000000000e+00
   1.8000000000000000e+00	   2.3500000000000005e+00	   1.0000000000000000e+00
   2.5000000000000000e+00	   1.1500000000000001e+00	   1.0000000000000000e+00
   1.6000000000000001e+00	  -9.0000000000000013e-01	   1.0000000000000000e+00
   2.3000000000000003e+00	  -1.7000000000000004e+00	   1.0000000000000000e+00
   6.0000000000000009e-01	   8.0000000000000016e-01	   1.0000000000000000e+00
  -1.1000000000000001e+00	  -5.0000000000000010e-02	   1.0000000000000000e+00
   1.7000000000000002e+00	  -6.5000000000000013e-01	   1.0000000000000000e+00
  -1.6000000000000001e+00	  -6.5000000000000013e-01	   1.0000000000000000e+00
   2.2000000000000002e+00	   2.4500000000000006e+00	   1.0000000000000000e+00
   2.3000000000000003e+00	   2.4500000000000006e+00	   1.0000000000000000e+00
   1.0000000000000001e-01	  -2.0000000000000004e-01	   1.0000000000000000e+00
   5.0000000000000000e-01	  -6.0000000000000009e-01	   1.0000000000000000e+00
   6.0000000000000009e-01	  -1.2000000000000002e+00	   1.0000000000000000e+00
   3.0000000000000000e+00	  -4.5000000000000007e-01	   1.0000000000000000e+00
   2.7000000000000002e+00	   2.8000000000000007e+00	   1.0000000000000000e+00
   2.3000000000000003e+00	   2.7500000000000004e+00	   1.0000000000000000e+00
  -1.5000000000000000e+00	  -1.2500000000000002e+00	   1.0000000000000000e+00
   1.3000000000000000e+00	  -5.5000000000000016e-01	   1.0000000000000000e+00
   3.8000000000000003e+00	  -8.0000000000000016e-01	   1.0000000000000000e+00
   4.0000000000000002e-01	  -4.5000000000000007e-01	   1.0000000000000000e+00
   2.8000000000000003e+00	  -1.1000000000000003e+00	   1.0000000000000000e+00
  -1.6000000000000001e+00	  -1.0000000000000002e+00	   1.0000000000000000e+00
  -1.0000000000000000e+00	  -8.5000000000000020e-01	   1.0000000000000000e+00
   2.1000000000000001e+00	  -1.8500000000000003e+00	   1.0000000000000000e+00
   5.0000000000000000e-01	  -2.0000000000000004e-01	   1.0000000000000000e+00
   3.0000000000000004e-01	  -4.0000000000000008e-01	   1.0000000000000000e+00
   2.0000000000000000e+00	  -1.5000000000000002e+00	   1.0000000000000000e+00
  -4.0000000000000002e-01	   2.5000000000000006e-01	   1.0000000000000000e+00
  -4.0000000000000002e-01	  -1.5000000000000002e-01	   1.0000000000000000e+00
   2.7000000000000002e+00	  -3.0000000000000004e-01	   1.0000000000000000e+00
   1.4000000000000001e+00	  -9.5000000000000018e-01	   1.0000000000000000e+00
  -2.5000000000000000e+00	  -1.5000000000000002e+00	   1.0000000000000000e+00
  -1.7000000000000002e+00	  -1.4500000000000002e+00	   1.0000000000000000e+00
  -1.0000000000000001e-01	   1.0000000000000002e-01	   1.0000000000000000e+00
  -4.0000000000000002e-01	  -6.5000000000000013e-01	   1.0000000000000000e+00
   1.1000000000000001e+00	  -3.0000000000000004e-01	   1.0000000000000000e+00
   3.2000000000000002e+00	  -5.0000000000000011e-01	   1.0000000000000000e+00
  -1.8000000000000000e+00	  -2.0000000000000004e+00	   1.0000000000000000e+00
   2.2000000000000002e+00	  -1.0500000000000003e+00	   1.0000000000000000e+00
   0.0000000000000000e+00	  -1.1000000000000003e+00	   1.0000000000000000e+00
   3.1000000000000001e+00	  -8.5000000000000020e-01	   1.0000000000000000e+00
   2.9000000000000004e+00	   1.4000000000000004e+00	   1.0000000000000000e+00
   7.0000000000000007e-01	  -3.5000000000000009e-01	   1.0000000000000000e+00
   3.1000000000000001e+00	   5.0000000000000011e-01	   1.0000000000000000e+00
   3.1000000000000001e+00	  -6.5000000000000013e-01	   1.0000000000000000e+00
  -1.3000000000000000e+00	  -1.5500000000000003e+00	   1.0000000000000000e+00
  -3.0000000000000004e-01	  -1.2000000000000002e+00	   1.0000000000000000e+00
   1.5000000000000000e+00	  -1.2500000000000002e+00	   1.0000000000000000e+00
   3.1000000000000001e+00	  -1.5500000000000003e+00	   1.0000000000000000e+00
   1.8000000000000000e+00	  -1.2000000000000002e+00	   1.0000000000000000e+00
   3.3000000000000003e+00	  -1.9500000000000004e+00	   1.0000000000000000e+00
   2.6000000000000001e+00	  -5.5000000000000016e-01	   1.0000000000000000e+00
   1.2000000000000002e+00	   0.0000000000000000e+00	   1.0000000000000000e+00
  -1.3000000000000000e+00	  -3.0000000000000004e-01	   1.0000000000000000e+00
   3.0000000000000000e+00	  -1.8500000000000003e+00	   1.0000000000000000e+00
   2.5000000000000000e+00	  -9.5000000000000018e-01	   1.0000000000000000e+00
  -2.6000000000000001e+00	  -1.1500000000000001e+00	   1.0000000000000000e+00
  -2.1000000000000001e+00	  -1.1000000000000003e+00	   1.0000000000000000e+00
   2.4000000000000004e+00	  -8.5000000000000020e-01	   1.0000000000000000e+00
   2.0000000000000001e-01	   8.0000000000000016e-01	   1.0000000000000000e+00
   2.7000000000000002e+00	   5.0000000000000010e-02	   1.0000000000000000e+00
   3.0000000000000000e+00	  -9.0000000000000013e-01	   1.0000000000000000e+00
   2.4000000000000004e+00	   5.0000000000000011e-01	   1.0000000000000000e+00
   3.0000000000000000e+00	   3.5000000000000009e-01	   1.0000000000000000e+00
  -9.0000000000000002e-01	  -1.0000000000000002e-01	   1.0000000000000000e+00
  -1.4000000000000001e+00	  -1.8000000000000003e+00	   1.0000000000000000e+00
   0.0000000000000000e+00	  -1.7000000000000004e+00	   1.0000000000000000e+00
   2.2000000000000002e+00	   1.9500000000000004e+00	   1.0000000000000000e+00
